{"_id":"is-lower-case","_rev":"11-dc72a8acf0972f321b47656cb05a94c2","name":"is-lower-case","description":"Check if a string is lower cased","dist-tags":{"latest":"1.1.3"},"versions":{"0.0.1":{"name":"is-lower-case","version":"0.0.1","description":"Check if a string is lower cased","main":"is-lower-case.js","scripts":{"test":"istanbul cover _mocha -- -R spec"},"repository":{"type":"git","url":"git://github.com/blakeembrey/is-lower-case.git"},"keywords":["cases","lower","lowercase","check"],"author":{"name":"Blake Embrey"},"license":"MIT","bugs":{"url":"https://github.com/blakeembrey/is-lower-case/issues"},"homepage":"https://github.com/blakeembrey/is-lower-case","devDependencies":{"istanbul":"^0.2.7","mocha":"^1.18.2"},"dependencies":{"lower-case":"0.0.1"},"_id":"is-lower-case@0.0.1","dist":{"shasum":"ad1518865d51fc9d9ee864fad7e181c4e1360f5a","tarball":"https://registry.npmjs.org/is-lower-case/-/is-lower-case-0.0.1.tgz"},"_from":".","_npmVersion":"1.4.6","_npmUser":{"name":"blakeembrey","email":"hello@blakeembrey.com"},"maintainers":[{"name":"blakeembrey","email":"hello@blakeembrey.com"}],"directories":{}},"1.0.0":{"name":"is-lower-case","version":"1.0.0","description":"Check if a string is lower cased","main":"is-lower-case.js","scripts":{"test":"istanbul cover _mocha -- -R spec"},"repository":{"type":"git","url":"git://github.com/blakeembrey/is-lower-case.git"},"keywords":["cases","lower","lowercase","check"],"author":{"name":"Blake Embrey","email":"hello@blakeembrey.com","url":"http://blakeembrey.me"},"license":"MIT","bugs":{"url":"https://github.com/blakeembrey/is-lower-case/issues"},"homepage":"https://github.com/blakeembrey/is-lower-case","devDependencies":{"istanbul":"^0.3.0","mocha":"^1.18.2"},"dependencies":{"lower-case":"^1.0.0"},"gitHead":"14d25f5d0d72f4486df2e7c85f4506f47be19647","_id":"is-lower-case@1.0.0","_shasum":"07a267db46630d3a23a74e98661b90717465e696","_from":".","_npmVersion":"1.4.14","_npmUser":{"name":"blakeembrey","email":"hello@blakeembrey.com"},"maintainers":[{"name":"blakeembrey","email":"hello@blakeembrey.com"}],"dist":{"shasum":"07a267db46630d3a23a74e98661b90717465e696","tarball":"https://registry.npmjs.org/is-lower-case/-/is-lower-case-1.0.0.tgz"},"directories":{}},"1.1.0":{"name":"is-lower-case","version":"1.1.0","description":"Check if a string is lower cased","main":"is-lower-case.js","files":["is-lower-case.js","LICENSE"],"scripts":{"test":"istanbul cover _mocha -- -R spec"},"repository":{"type":"git","url":"git://github.com/blakeembrey/is-lower-case.git"},"keywords":["cases","lower","lowercase","check"],"author":{"name":"Blake Embrey","email":"hello@blakeembrey.com","url":"http://blakeembrey.me"},"license":"MIT","bugs":{"url":"https://github.com/blakeembrey/is-lower-case/issues"},"homepage":"https://github.com/blakeembrey/is-lower-case","devDependencies":{"istanbul":"^0.3.0","mocha":"^1.18.2","pre-commit":"0.0.9"},"dependencies":{"lower-case":"^1.1.0"},"gitHead":"82172ffaee95cd3c13d05fa49559a5cca26ef3ab","_id":"is-lower-case@1.1.0","_shasum":"0f7564253a6b01738b676a71b5e3ae2645bef6a6","_from":".","_npmVersion":"2.1.17","_nodeVersion":"0.11.14","_npmUser":{"name":"blakeembrey","email":"hello@blakeembrey.com"},"maintainers":[{"name":"blakeembrey","email":"hello@blakeembrey.com"}],"dist":{"shasum":"0f7564253a6b01738b676a71b5e3ae2645bef6a6","tarball":"https://registry.npmjs.org/is-lower-case/-/is-lower-case-1.1.0.tgz"},"directories":{}},"1.1.1":{"name":"is-lower-case","version":"1.1.1","description":"Check if a string is lower cased","main":"is-lower-case.js","files":["is-lower-case.js","LICENSE"],"scripts":{"lint":"standard","test-std":"mocha -- -R spec --bail","test-cov":"istanbul cover node_modules/mocha/bin/_mocha -- -R spec --bail","test":"npm run lint && npm run test-cov"},"repository":{"type":"git","url":"git://github.com/blakeembrey/is-lower-case.git"},"keywords":["cases","lower","lowercase","check"],"author":{"name":"Blake Embrey","email":"hello@blakeembrey.com","url":"http://blakeembrey.me"},"license":"MIT","bugs":{"url":"https://github.com/blakeembrey/is-lower-case/issues"},"homepage":"https://github.com/blakeembrey/is-lower-case","devDependencies":{"istanbul":"^0.3.0","mocha":"^2.1.0","pre-commit":"^1.0.2","standard":"^2.4.5"},"dependencies":{"lower-case":"^1.1.0"},"gitHead":"0142cc3682a81b0b7897452bc7b6f5936e2af6ed","_id":"is-lower-case@1.1.1","_shasum":"a2d40aaa953f5ee3f1bf3e075f2e83ac57ad547c","_from":".","_npmVersion":"1.4.28","_npmUser":{"name":"blakeembrey","email":"hello@blakeembrey.com"},"maintainers":[{"name":"blakeembrey","email":"hello@blakeembrey.com"}],"dist":{"shasum":"a2d40aaa953f5ee3f1bf3e075f2e83ac57ad547c","tarball":"https://registry.npmjs.org/is-lower-case/-/is-lower-case-1.1.1.tgz"},"directories":{}},"1.1.2":{"name":"is-lower-case","version":"1.1.2","description":"Check if a string is lower cased","main":"is-lower-case.js","typings":"is-lower-case.d.ts","files":["is-lower-case.js","is-lower-case.d.ts","LICENSE"],"scripts":{"lint":"standard","test-std":"mocha -- -R spec --bail","test-cov":"istanbul cover node_modules/mocha/bin/_mocha -- -R spec --bail","test":"npm run lint && npm run test-cov"},"repository":{"type":"git","url":"git://github.com/blakeembrey/is-lower-case.git"},"keywords":["cases","lower","lowercase","check"],"author":{"name":"Blake Embrey","email":"hello@blakeembrey.com","url":"http://blakeembrey.me"},"license":"MIT","bugs":{"url":"https://github.com/blakeembrey/is-lower-case/issues"},"homepage":"https://github.com/blakeembrey/is-lower-case","devDependencies":{"istanbul":"^0.3.0","mocha":"^2.1.0","pre-commit":"^1.0.2","standard":"^2.4.5"},"dependencies":{"lower-case":"^1.1.0"},"gitHead":"590285aad3f7218e36e7b87a1462f20930b19fae","_id":"is-lower-case@1.1.2","_shasum":"c88d5f3eac5638c7698ccd2174852cf13ccdd298","_from":".","_npmVersion":"3.3.12","_nodeVersion":"5.2.0","_npmUser":{"name":"blakeembrey","email":"hello@blakeembrey.com"},"dist":{"shasum":"c88d5f3eac5638c7698ccd2174852cf13ccdd298","tarball":"https://registry.npmjs.org/is-lower-case/-/is-lower-case-1.1.2.tgz"},"maintainers":[{"name":"blakeembrey","email":"hello@blakeembrey.com"}],"directories":{}},"1.1.3":{"name":"is-lower-case","version":"1.1.3","description":"Check if a string is lower cased","main":"is-lower-case.js","typings":"is-lower-case.d.ts","files":["is-lower-case.js","is-lower-case.d.ts","LICENSE"],"scripts":{"lint":"standard","test-std":"mocha -- -R spec --bail","test-cov":"istanbul cover node_modules/mocha/bin/_mocha -- -R spec --bail","test":"npm run lint && npm run test-cov"},"repository":{"type":"git","url":"git://github.com/blakeembrey/is-lower-case.git"},"keywords":["cases","lower","lowercase","check"],"author":{"name":"Blake Embrey","email":"hello@blakeembrey.com","url":"http://blakeembrey.me"},"license":"MIT","bugs":{"url":"https://github.com/blakeembrey/is-lower-case/issues"},"homepage":"https://github.com/blakeembrey/is-lower-case","devDependencies":{"istanbul":"^0.3.0","mocha":"^2.1.0","pre-commit":"^1.0.2","standard":"^2.4.5"},"dependencies":{"lower-case":"^1.1.0"},"gitHead":"eebde9578b0d52f1fac46d34495e16a252a8fe30","_id":"is-lower-case@1.1.3","_shasum":"7e147be4768dc466db3bfb21cc60b31e6ad69393","_from":".","_npmVersion":"3.3.12","_nodeVersion":"5.2.0","_npmUser":{"name":"blakeembrey","email":"hello@blakeembrey.com"},"dist":{"shasum":"7e147be4768dc466db3bfb21cc60b31e6ad69393","tarball":"https://registry.npmjs.org/is-lower-case/-/is-lower-case-1.1.3.tgz"},"maintainers":[{"name":"blakeembrey","email":"hello@blakeembrey.com"}],"directories":{}}},"readme":"# Is Lower Case\n\n[![NPM version][npm-image]][npm-url]\n[![NPM downloads][downloads-image]][downloads-url]\n[![Build status][travis-image]][travis-url]\n[![Test coverage][coveralls-image]][coveralls-url]\n\nCheck if a string is lower case.\n\n## Installation\n\n```\nnpm install is-lower-case --save\n```\n\n## Usage\n\n```js\nvar isLowerCase = require('is-lower-case')\n\nisLowerCase('string') //=> true\nisLowerCase('String') //=> false\nisLowerCase('STRING') //=> false\n```\n\n## Typings\n\nIncludes a [TypeScript definition](is-lower-case.d.ts).\n\n## License\n\nMIT\n\n[npm-image]: https://img.shields.io/npm/v/is-lower-case.svg?style=flat\n[npm-url]: https://npmjs.org/package/is-lower-case\n[downloads-image]: https://img.shields.io/npm/dm/lower-case.svg?style=flat\n[downloads-url]: https://npmjs.org/package/lower-case\n[travis-image]: https://img.shields.io/travis/blakeembrey/is-lower-case.svg?style=flat\n[travis-url]: https://travis-ci.org/blakeembrey/is-lower-case\n[coveralls-image]: https://img.shields.io/coveralls/blakeembrey/is-lower-case.svg?style=flat\n[coveralls-url]: https://coveralls.io/r/blakeembrey/is-lower-case?branch=master\n","maintainers":[{"name":"blakeembrey","email":"hello@blakeembrey.com"}],"time":{"modified":"2017-05-12T21:41:17.288Z","created":"2014-04-25T08:19:26.533Z","0.0.1":"2014-04-25T08:19:26.533Z","1.0.0":"2014-08-17T19:02:38.499Z","1.1.0":"2015-01-12T07:54:53.898Z","1.1.1":"2015-02-08T07:01:08.996Z","1.1.2":"2015-12-16T00:03:19.089Z","1.1.3":"2015-12-16T00:08:33.982Z"},"homepage":"https://github.com/blakeembrey/is-lower-case","keywords":["cases","lower","lowercase","check"],"repository":{"type":"git","url":"git://github.com/blakeembrey/is-lower-case.git"},"author":{"name":"Blake Embrey","email":"hello@blakeembrey.com","url":"http://blakeembrey.me"},"bugs":{"url":"https://github.com/blakeembrey/is-lower-case/issues"},"license":"MIT","readmeFilename":"README.md","users":{"rocket0191":true},"_attachments":{},"_etag":"W/\"f042779fc87253fdb18272f0d411f368\"","_lastModified":"Sat, 26 May 2018 12:52:33 GMT"}