{"digest":"67da1c1e4c884f86f0dc5091ee290aaa296c90f8","css":"/* Usage: ---------------------------------------------\n\n<div className=\"github-Message\">\n  <div className=\"github-Message-wrapper\">\n    <h1 className=\"github-Message-title\">Whooops</h1>\n    <p className=\"github-Message-description\">Bad things happened</p>\n    <p className=\"github-Message-action\">\n      <button className=\"github-Message-button btn btn-primary\">Get me out of here</button>\n    </p>\n  </div>\n</div>\n\n--------------------------------------------------- */\n.github-Message {\n  flex: 1;\n  display: flex;\n  overflow-x: hidden;\n  overflow-y: auto;\n}\n.github-Message-wrapper {\n  margin: auto;\n  padding: 20px;\n  text-align: center;\n}\n.github-Message-title {\n  color: #fff;\n  font-size: 1.5em;\n  margin-bottom: .5em;\n}\n.github-Message-description {\n  font-size: 1.2em;\n  line-height: 1.4;\n  margin-bottom: 0;\n}\n.github-Message-longDescription {\n  font-size: 1.1em;\n  line-height: 1.4;\n  text-align: left;\n  margin-bottom: 0;\n}\n.github-Message-action {\n  margin-top: 20px;\n}\n.github-Message-button {\n  margin: 5px;\n}\n","imports":[{"path":"static\\variables\\ui-variables.less","digest":"b28ed6c38c4cfce23f83a1b012a3968aa63fce4c"},{"path":"static\\variables\\syntax-variables.less","digest":"812c1b7883a023f768773d14294653adcdb932d7"},{"path":"node_modules\\github\\styles\\variables.less","digest":"9ee4e4579d5fd51444f9269f6fa5074eda5bd98d"},{"path":"static\\variables\\ui-variables.less","digest":"b28ed6c38c4cfce23f83a1b012a3968aa63fce4c"},{"path":"static\\variables\\syntax-variables.less","digest":"812c1b7883a023f768773d14294653adcdb932d7"},{"path":"node_modules\\atom-dark-ui\\styles\\ui-variables.less","digest":"bbc53164b15cea5f3aeeddd1ea77a4e7bd5f8503"},{"path":"node_modules\\one-dark-syntax\\styles\\syntax-variables.less","digest":"4737e2c84347b1a399426a81fc903dd3ce1abb52"},{"path":"node_modules\\one-dark-syntax\\styles\\colors.less","digest":"66bba03e9aabff000a84c2839a9d3e9a9fa08e0e"}],"version":1}