{"digest":"56c7ba5246b375747b0df7a14d0605c31272b87f","css":".github-RecentCommits {\n  max-height: 89px;\n  overflow-x: hidden;\n  overflow-y: auto;\n  border-top: 1px solid rgba(0, 0, 0, 0.5);\n}\n.github-RecentCommits-list {\n  margin: 0;\n  padding: 5px 0;\n  list-style: none;\n}\n.github-RecentCommits-message {\n  padding: 5px 10px;\n  text-align: center;\n  color: #555;\n}\n.github-RecentCommit {\n  position: relative;\n  display: flex;\n  align-items: center;\n  padding: 0 10px;\n  line-height: 26px;\n}\n.github-RecentCommit-authors {\n  position: absolute;\n  display: flex;\n}\n.github-RecentCommit-avatar {\n  position: relative;\n  margin-right: -13px;\n  width: 16px;\n  height: 16px;\n  border-radius: 2px;\n  background-color: #3c3f41;\n  box-shadow: 1px 0 #292c2f;\n  transition: margin 0.12s cubic-bezier(0.5, 0.1, 0, 1);\n}\n.github-RecentCommit-avatar:nth-child(1) {\n  z-index: 3;\n}\n.github-RecentCommit-avatar:nth-child(2) {\n  z-index: 2;\n  opacity: .7;\n}\n.github-RecentCommit-avatar:nth-child(3) {\n  z-index: 1;\n  opacity: .4;\n}\n.github-RecentCommit-avatar:nth-child(n+4) {\n  display: none;\n}\n.github-RecentCommit-avatar:only-child,\n.github-RecentCommit-avatar:last-child {\n  box-shadow: none;\n}\n.github-RecentCommit-authors:hover .github-RecentCommit-avatar {\n  display: inline-block;\n  margin-right: 1px;\n  opacity: 1;\n}\n.github-RecentCommit-message {\n  flex: 1;\n  margin: 0 .5em;\n  margin-left: 26px;\n  text-overflow: ellipsis;\n  white-space: nowrap;\n  overflow: hidden;\n}\n.github-RecentCommit-undoButton.btn {\n  padding: 0 6.66666667px;\n  margin-right: 5px;\n  height: 20px;\n  line-height: 1;\n  font-size: .9em;\n}\n.github-RecentCommit-time {\n  color: #555;\n}\n@media (min-height: 900px) {\n  .github-RecentCommits {\n    max-height: 141px;\n  }\n}\n@media (min-height: 1200px) {\n  .github-RecentCommits {\n    max-height: 271px;\n  }\n}\n","imports":[{"path":"static\\variables\\ui-variables.less","digest":"b28ed6c38c4cfce23f83a1b012a3968aa63fce4c"},{"path":"static\\variables\\syntax-variables.less","digest":"812c1b7883a023f768773d14294653adcdb932d7"},{"path":"node_modules\\github\\styles\\variables.less","digest":"9ee4e4579d5fd51444f9269f6fa5074eda5bd98d"},{"path":"static\\variables\\ui-variables.less","digest":"b28ed6c38c4cfce23f83a1b012a3968aa63fce4c"},{"path":"static\\variables\\syntax-variables.less","digest":"812c1b7883a023f768773d14294653adcdb932d7"},{"path":"node_modules\\atom-dark-ui\\styles\\ui-variables.less","digest":"bbc53164b15cea5f3aeeddd1ea77a4e7bd5f8503"},{"path":"node_modules\\one-dark-syntax\\styles\\syntax-variables.less","digest":"4737e2c84347b1a399426a81fc903dd3ce1abb52"},{"path":"node_modules\\one-dark-syntax\\styles\\colors.less","digest":"66bba03e9aabff000a84c2839a9d3e9a9fa08e0e"}],"version":1}