{"digest":"c373d488f5f4b2d2356c4a592ce9315f45740a5a","css":"div[is=ex-command-mode-input] atom-text-editor[mini]::before {\n  content: \":\";\n  opacity: 0.5;\n}\ndiv[is=vim-normal-mode-input] atom-text-editor[mini]::before {\n  content: \"/\";\n  opacity: 0.5;\n}\n.command-mode-input atom-text-editor[mini] {\n  background-color: inherit;\n  border: none;\n  width: 100%;\n  font-weight: normal;\n  color: #9da5b4;\n  line-height: 1.28;\n  cursor: default;\n  white-space: nowrap;\n  padding-left: 10px;\n}\n","imports":[{"path":"static\\variables\\ui-variables.less","digest":"b28ed6c38c4cfce23f83a1b012a3968aa63fce4c"},{"path":"static\\variables\\syntax-variables.less","digest":"812c1b7883a023f768773d14294653adcdb932d7"},{"path":"node_modules\\one-dark-ui\\styles\\ui-variables.less","digest":"f0cd54bb3195577225c676e2ba1a5f91fdd4a1ab"},{"path":"node_modules\\one-dark-ui\\styles\\ui-variables-custom.less","digest":"912cd9b31c4db8b551f47b4d0ced938a6b62dc95"},{"path":"node_modules\\one-dark-syntax\\styles\\syntax-variables.less","digest":"4737e2c84347b1a399426a81fc903dd3ce1abb52"},{"path":"node_modules\\one-dark-syntax\\styles\\colors.less","digest":"66bba03e9aabff000a84c2839a9d3e9a9fa08e0e"}],"version":1}