{"digest":"35e8961d68a6a10a451743fa7052ff050204d896","css":".github-CacheView {\n  width: 100%;\n  height: 100%;\n  overflow-y: auto;\n}\n.github-CacheView header {\n  text-align: center;\n  border-bottom: 1px solid rgba(0, 0, 0, 0.5);\n  padding: 10px;\n}\n.github-CacheView-Controls {\n  padding: 0 10px;\n  text-align: right;\n}\n.github-CacheView-Clear {\n  margin-left: 1em;\n}\n.github-CacheView-Order select {\n  margin-left: 0.5em;\n}\n.github-CacheView table {\n  margin: 10px 20px;\n  width: 90%;\n}\n.github-CacheView thead {\n  color: #fff;\n  background-color: rgba(255, 255, 255, 0.07);\n  font-weight: bold;\n}\n.github-CacheView td {\n  padding: 5px;\n  vertical-align: top;\n}\n.github-CacheView-Key button {\n  width: 100%;\n  font-family: monospace;\n  text-align: left;\n}\n.github-CacheView-Age {\n  min-width: 100px;\n}\n.github-CacheView-Hits {\n  min-width: 50px;\n}\n.github-CacheView-Content {\n  white-space: pre-wrap;\n  max-height: 100px;\n  overflow-y: scroll;\n}\n","imports":[{"path":"static\\variables\\ui-variables.less","digest":"b28ed6c38c4cfce23f83a1b012a3968aa63fce4c"},{"path":"static\\variables\\syntax-variables.less","digest":"812c1b7883a023f768773d14294653adcdb932d7"},{"path":"node_modules\\github\\styles\\variables.less","digest":"9ee4e4579d5fd51444f9269f6fa5074eda5bd98d"},{"path":"static\\variables\\ui-variables.less","digest":"b28ed6c38c4cfce23f83a1b012a3968aa63fce4c"},{"path":"static\\variables\\syntax-variables.less","digest":"812c1b7883a023f768773d14294653adcdb932d7"},{"path":"node_modules\\atom-dark-ui\\styles\\ui-variables.less","digest":"bbc53164b15cea5f3aeeddd1ea77a4e7bd5f8503"},{"path":"node_modules\\one-light-syntax\\styles\\syntax-variables.less","digest":"e2156cb2e22e8a18c9204457764d21db6c8b73a7"},{"path":"node_modules\\one-light-syntax\\styles\\colors.less","digest":"6e53c2e7473d04130f2592930c3470ed86daffdf"}],"version":1}