{"digest":"f26f8ef82e3d54942a7411d4dae9cdc93c3e6e7c","css":".github-FilePatchView {\n  display: flex;\n  flex-direction: column;\n  -webkit-user-select: none;\n  cursor: default;\n  flex: 1;\n  min-width: 0;\n}\n.github-FilePatchView-header {\n  display: flex;\n  justify-content: space-between;\n  align-items: center;\n  padding: 5px;\n  padding-left: 10px;\n  border-bottom: 1px solid rgba(0, 0, 0, 0.5);\n}\n.github-FilePatchView-header .btn {\n  font-size: .9em;\n}\n.github-FilePatchView-header .btn.icon-move-up::before,\n.github-FilePatchView-header .btn.icon-move-down::before {\n  font-size: 1em;\n  margin-right: .5em;\n}\n.github-FilePatchView-title {\n  flex: 1;\n  overflow: hidden;\n  text-overflow: ellipsis;\n  white-space: nowrap;\n  margin-right: 10px;\n}\n.github-FilePatchView-container {\n  flex: 1;\n  overflow-y: auto;\n  display: flex;\n  flex-direction: column;\n}\n.github-FilePatchView-container .is-blank,\n.github-FilePatchView-container .large-file-patch {\n  flex: 1;\n  display: flex;\n  align-items: center;\n  justify-content: center;\n  text-align: center;\n  font-size: 1.2em;\n  padding: 10px;\n}\n.github-FilePatchView-container .large-file-patch {\n  flex-direction: column;\n}\n.github-FilePatchView-meta {\n  padding: 10px;\n  border-bottom: 1px solid rgba(0, 0, 0, 0.5);\n}\n.github-FilePatchView-metaContainer {\n  border: 1px solid rgba(0, 0, 0, 0.5);\n  border-radius: 2px;\n}\n.github-FilePatchView-metaHeader {\n  display: flex;\n  align-items: center;\n  padding: 10px;\n  background-color: rgba(255, 255, 255, 0.07);\n}\n.github-FilePatchView-metaTitle {\n  flex: 1;\n  margin: 0;\n  font-size: 1.25em;\n  line-height: 1.5;\n  overflow: hidden;\n  text-overflow: ellipsis;\n  white-space: nowrap;\n}\n.github-FilePatchView-metaControls {\n  margin-left: 10px;\n}\n.github-FilePatchView-metaControls .btn.icon-move-up::before,\n.github-FilePatchView-metaControls .btn.icon-move-down::before {\n  font-size: 1em;\n  margin-right: .5em;\n  vertical-align: baseline;\n}\n.github-FilePatchView-metaDetails {\n  padding: 10px;\n}\n.github-FilePatchView-metaDiff {\n  margin: 0 .2em;\n  padding: .2em .4em;\n  line-height: 1.6;\n  border-radius: 2px;\n}\n.github-FilePatchView-metaDiff--added {\n  color: #80e9ad;\n  background-color: #254b39;\n}\n.github-FilePatchView-metaDiff--removed {\n  color: #e06666;\n  background-color: #4a2325;\n}\n.github-FilePatchView-metaDiff--fullWidth {\n  display: block;\n  margin: 5px 0 0 0;\n}\n.github-FilePatchView-metaDiff--fullWidth:first-child {\n  margin-top: 0;\n}\n.github-FilePatchView-metaDiff code {\n  margin: 0 .2em;\n  padding: 0 .2em;\n  font-size: .9em;\n  color: inherit;\n  line-height: 1;\n  vertical-align: middle;\n  word-break: break-all;\n  background-color: #292c2f;\n}\n","imports":[{"path":"static\\variables\\ui-variables.less","digest":"b28ed6c38c4cfce23f83a1b012a3968aa63fce4c"},{"path":"static\\variables\\syntax-variables.less","digest":"812c1b7883a023f768773d14294653adcdb932d7"},{"path":"node_modules\\github\\styles\\variables.less","digest":"9ee4e4579d5fd51444f9269f6fa5074eda5bd98d"},{"path":"static\\variables\\ui-variables.less","digest":"b28ed6c38c4cfce23f83a1b012a3968aa63fce4c"},{"path":"static\\variables\\syntax-variables.less","digest":"812c1b7883a023f768773d14294653adcdb932d7"},{"path":"node_modules\\atom-dark-ui\\styles\\ui-variables.less","digest":"bbc53164b15cea5f3aeeddd1ea77a4e7bd5f8503"},{"path":"node_modules\\one-light-syntax\\styles\\syntax-variables.less","digest":"e2156cb2e22e8a18c9204457764d21db6c8b73a7"},{"path":"node_modules\\one-light-syntax\\styles\\colors.less","digest":"6e53c2e7473d04130f2592930c3470ed86daffdf"}],"version":1}