{"digest":"5837d6e7353bb5d158aa8179919adb2904a55774","css":".github-RemotePrController {\n  flex: 1;\n  display: flex;\n  flex-direction: column;\n}\n.github-PrInfo {\n  padding: 20px;\n  overflow: auto;\n  flex: 1;\n  cursor: default;\n}\n.github-PrInfo .icon {\n  vertical-align: middle;\n}\n.github-PrInfo .pinned-by-url {\n  cursor: pointer;\n}\n.github-PrInfo .pinned-pr-info {\n  display: flex;\n  padding: 10px;\n  border: 1px solid #555;\n  border-radius: 2px;\n  margin-bottom: 20px;\n}\n.github-PrInfo .pinned-pr-info a {\n  text-decoration: underline;\n}\n.github-PrInfo .pr-badge-and-link {\n  display: flex;\n  align-items: center;\n  margin-bottom: 20px;\n}\n.github-PrInfo .pr-badge-and-link .browser-link {\n  display: inline-block;\n  margin-left: 0.5em;\n}\n.github-PrInfo .pr-badge-and-link :last-child {\n  flex: 1;\n  text-align: right;\n}\n.github-PrInfo .pr-link a {\n  color: #555;\n  word-break: break-all;\n}\n.github-PrInfo .refresh-button .icon {\n  color: #555;\n  cursor: pointer;\n}\n.github-PrInfo .refresh-button .icon.refreshing::before {\n  animation: github-RefreshButton-animation 2s linear 30;\n}\n@keyframes github-RefreshButton-animation {\n  100% {\n    transform: rotate(360deg);\n  }\n}\n.github-PrInfo .pr-avatar-and-title {\n  display: flex;\n  align-items: center;\n  margin-bottom: 10px;\n}\n.github-PrInfo .author-avatar-link {\n  margin-right: 10px;\n  align-self: flex-start;\n}\n.github-PrInfo .author-avatar {\n  max-height: 32px;\n  border-radius: 2px;\n}\n.github-PrInfo .pr-title {\n  margin: 0;\n  line-height: 1.2;\n  color: #fff;\n}\n.github-PrInfo .merge-status,\n.github-PrInfo .build-status {\n  line-height: 2;\n}\n.github-PrInfo .merge-status.success .icon {\n  color: #2BDA77;\n}\n.github-PrInfo .build-status.pending .icon {\n  color: #ff982d;\n}\n.github-PrInfo .count-number {\n  margin-left: .25em;\n  font-size: 1.1em;\n  font-weight: 600;\n  line-height: 1;\n}\n.github-PrInfo .label {\n  padding: 0 5px;\n  margin: 0 5px 5px 0;\n  border-radius: 2px;\n  line-height: 2em;\n  display: inline-block;\n}\n.github-PrInfo .reactions .reaction-group {\n  margin-right: 20px;\n}\n.github-PrInfo .github-PrStatuses {\n  border-top: 1px solid rgba(0, 0, 0, 0.5);\n  padding-top: 20px;\n}\n.github-PrInfo .meta-info,\n.github-PrInfo .conversation,\n.github-PrInfo .commit-count,\n.github-PrInfo .file-count,\n.github-PrInfo .reactions,\n.github-PrInfo .labels {\n  border-top: 1px solid rgba(0, 0, 0, 0.5);\n  padding: 10px 0;\n}\n.github-PrInfo .conversation {\n  cursor: pointer;\n}\n","imports":[{"path":"static\\variables\\ui-variables.less","digest":"b28ed6c38c4cfce23f83a1b012a3968aa63fce4c"},{"path":"static\\variables\\syntax-variables.less","digest":"812c1b7883a023f768773d14294653adcdb932d7"},{"path":"node_modules\\github\\styles\\variables.less","digest":"9ee4e4579d5fd51444f9269f6fa5074eda5bd98d"},{"path":"static\\variables\\ui-variables.less","digest":"b28ed6c38c4cfce23f83a1b012a3968aa63fce4c"},{"path":"static\\variables\\syntax-variables.less","digest":"812c1b7883a023f768773d14294653adcdb932d7"},{"path":"node_modules\\atom-dark-ui\\styles\\ui-variables.less","digest":"bbc53164b15cea5f3aeeddd1ea77a4e7bd5f8503"},{"path":"node_modules\\one-light-syntax\\styles\\syntax-variables.less","digest":"e2156cb2e22e8a18c9204457764d21db6c8b73a7"},{"path":"node_modules\\one-light-syntax\\styles\\colors.less","digest":"6e53c2e7473d04130f2592930c3470ed86daffdf"}],"version":1}