{"digest":"c913f551d9791ede56d505e0108b5b0dd1c317d0","css":".github-PrSelectionByBranch {\n  flex: 1;\n  display: flex;\n  overflow: auto;\n}\n.github-PrSelectionByBranch-container {\n  flex: 1;\n  display: flex;\n  flex-direction: column;\n}\n.github-PrSelectionByBranch-divider {\n  margin: 0;\n  border-top: 1px solid rgba(0, 0, 0, 0.5);\n}\n.github-PrSelectionByBranch-cell {\n  flex: 1;\n  display: flex;\n  flex-direction: column;\n  justify-content: center;\n  text-align: center;\n  padding: 20px;\n}\n.github-PrSelectionByBranch-cell > .github-PrUrlInputBox-Subview {\n  flex: none;\n}\n.github-PrSelectionByBranch-message {\n  padding: 0 10px;\n  margin: 10px 0;\n}\n.github-PrSelectionByBranch-input {\n  padding: 0 10px;\n  margin: 10px 0;\n}\n.github-PrSelectionByBranch-input .github-PrUrlInputBox-Subview > input {\n  margin-top: 0;\n}\n.github-PrSelectionByBranch-list {\n  list-style: none;\n  padding-left: 0;\n  cursor: default;\n}\n.github-PrSelectionByBranch-list li {\n  padding: 5px 10px;\n  border-top: 1px solid rgba(0, 0, 0, 0.5);\n}\n.github-PrSelectionByBranch-list li:hover {\n  background-color: rgba(255, 255, 255, 0.07);\n}\n.github-CreatePr-icon:before {\n  font-size: 3em;\n}\n.github-CreatePr-title {\n  font-size: 1.6em;\n}\n","imports":[{"path":"static\\variables\\ui-variables.less","digest":"b28ed6c38c4cfce23f83a1b012a3968aa63fce4c"},{"path":"static\\variables\\syntax-variables.less","digest":"812c1b7883a023f768773d14294653adcdb932d7"},{"path":"node_modules\\github\\styles\\variables.less","digest":"9ee4e4579d5fd51444f9269f6fa5074eda5bd98d"},{"path":"static\\variables\\ui-variables.less","digest":"b28ed6c38c4cfce23f83a1b012a3968aa63fce4c"},{"path":"static\\variables\\syntax-variables.less","digest":"812c1b7883a023f768773d14294653adcdb932d7"},{"path":"node_modules\\atom-dark-ui\\styles\\ui-variables.less","digest":"bbc53164b15cea5f3aeeddd1ea77a4e7bd5f8503"},{"path":"node_modules\\one-light-syntax\\styles\\syntax-variables.less","digest":"e2156cb2e22e8a18c9204457764d21db6c8b73a7"},{"path":"node_modules\\one-light-syntax\\styles\\colors.less","digest":"6e53c2e7473d04130f2592930c3470ed86daffdf"}],"version":1}