{"digest":"489204272cd824ae56c32946c4d80de4034b5362","css":".github-PrStatuses .donut-ring-pending {\n  stroke: #ffd93d;\n}\n.github-PrStatuses .donut-ring-succeeded {\n  stroke: #28a745;\n}\n.github-PrStatuses .donut-ring-failed {\n  stroke: #dc3545;\n}\n.github-PrStatuses-header {\n  display: flex;\n}\n.github-PrStatuses-header svg {\n  width: 50px;\n  height: 50px;\n}\n.github-PrStatuses-header svg circle {\n  stroke-width: 5;\n}\n.github-PrStatuses-summary {\n  font-weight: bold;\n  padding: 10px 0;\n  flex: 1;\n}\n.github-PrStatuses-list {\n  display: flex;\n  flex-direction: column;\n  list-style: none;\n  padding: 0;\n  margin-bottom: 0;\n}\n.github-PrStatuses-list-item {\n  display: flex;\n  flex-direction: row;\n  border-top: 1px solid rgba(0, 0, 0, 0.5);\n  padding: 5px;\n}\n.github-PrStatuses-list-item-icon {\n  padding-right: 10px;\n  display: flex;\n  align-items: center;\n}\n.github-PrStatuses-list-item-context {\n  flex: 1;\n}\n.github-PrStatuses-list-item-details-link {\n  margin-left: 5px;\n}\n","imports":[{"path":"static\\variables\\ui-variables.less","digest":"b28ed6c38c4cfce23f83a1b012a3968aa63fce4c"},{"path":"static\\variables\\syntax-variables.less","digest":"812c1b7883a023f768773d14294653adcdb932d7"},{"path":"node_modules\\github\\styles\\variables.less","digest":"9ee4e4579d5fd51444f9269f6fa5074eda5bd98d"},{"path":"static\\variables\\ui-variables.less","digest":"b28ed6c38c4cfce23f83a1b012a3968aa63fce4c"},{"path":"static\\variables\\syntax-variables.less","digest":"812c1b7883a023f768773d14294653adcdb932d7"},{"path":"node_modules\\atom-dark-ui\\styles\\ui-variables.less","digest":"bbc53164b15cea5f3aeeddd1ea77a4e7bd5f8503"},{"path":"node_modules\\one-light-syntax\\styles\\syntax-variables.less","digest":"e2156cb2e22e8a18c9204457764d21db6c8b73a7"},{"path":"node_modules\\one-light-syntax\\styles\\colors.less","digest":"6e53c2e7473d04130f2592930c3470ed86daffdf"}],"version":1}