{"digest":"118a5da77647865a0ccc7dce4494103e94bf99cb","css":".github-PushPullMenuView-selector {\n  display: flex;\n  align-items: center;\n}\n.github-PushPullMenuView-item {\n  margin: 5px;\n}\n.github-PushPullMenuView-item.is-flexible {\n  flex: 1;\n}\n.github-PushPullMenuView .icon-mark-github::before {\n  margin-right: 0;\n  color: #555;\n}\n.github-PushPullMenuView .btn-group {\n  display: flex;\n}\n.github-PushPullMenuView .btn-group .btn {\n  flex: 1;\n}\n.github-PushPullMenuView .btn-tooltip-wrapper .icon {\n  pointer-events: none;\n}\n.github-PushPullMenuView-message {\n  max-height: 4.8em;\n  margin: 5px;\n  padding: 5px;\n  line-height: 1.4;\n  white-space: normal;\n  text-align: left;\n  overflow-y: auto;\n  border: 1px solid rgba(0, 0, 0, 0.5);\n  border-radius: 2px;\n  background-color: #161719;\n}\n.github-PushPullMenuView-message:empty {\n  display: none;\n}\n.github-PushPullMenuView.in-progress .icon-mark-github {\n  position: relative;\n  color: #aaa;\n}\n.github-PushPullMenuView.in-progress .icon-mark-github:before {\n  color: inherit;\n}\n.github-PushPullMenuView.in-progress .icon-mark-github:after {\n  content: \"\";\n  position: absolute;\n  top: -4px;\n  left: -4px;\n  width: 24px;\n  height: 24px;\n  border-top: 2px dotted;\n  border-right: 2px dotted;\n  border-bottom: 2px dotted transparent;\n  border-radius: 16px;\n  -webkit-animation: github-PushPullMenuView-animation 2s linear 12, github-PushPullMenuView-animation 4s 24s steps(12) 100;\n}\n@-webkit-keyframes github-PushPullMenuView-animation {\n  100% {\n    transform: rotate(360deg);\n  }\n}\n","imports":[{"path":"static\\variables\\ui-variables.less","digest":"b28ed6c38c4cfce23f83a1b012a3968aa63fce4c"},{"path":"static\\variables\\syntax-variables.less","digest":"812c1b7883a023f768773d14294653adcdb932d7"},{"path":"node_modules\\github\\styles\\variables.less","digest":"9ee4e4579d5fd51444f9269f6fa5074eda5bd98d"},{"path":"static\\variables\\ui-variables.less","digest":"b28ed6c38c4cfce23f83a1b012a3968aa63fce4c"},{"path":"static\\variables\\syntax-variables.less","digest":"812c1b7883a023f768773d14294653adcdb932d7"},{"path":"node_modules\\atom-dark-ui\\styles\\ui-variables.less","digest":"bbc53164b15cea5f3aeeddd1ea77a4e7bd5f8503"},{"path":"node_modules\\one-light-syntax\\styles\\syntax-variables.less","digest":"e2156cb2e22e8a18c9204457764d21db6c8b73a7"},{"path":"node_modules\\one-light-syntax\\styles\\colors.less","digest":"6e53c2e7473d04130f2592930c3470ed86daffdf"}],"version":1}