{"digest":"e35a7ff8f4c72b7ab63447c07b852019f211be3f","css":".github-GitTimingsView {\n  width: 100%;\n  height: 100%;\n  overflow: auto;\n}\n.github-GitTimingsView-header {\n  display: flex;\n  justify-content: flex-end;\n  padding: 10px;\n  border-bottom: 1px solid rgba(0, 0, 0, 0.5);\n}\n.github-GitTimingsView .waterfall-widget {\n  border-radius: 2px;\n  border: 1px solid rgba(0, 0, 0, 0.5);\n  background-color: #292c2f;\n  margin: 10px;\n}\n.github-GitTimingsView .waterfall-header {\n  padding: 5px 5px 0 5px;\n  color: #aaa;\n  font-size: 11px;\n  display: flex;\n  border-bottom: 1px solid rgba(0, 0, 0, 0.5);\n}\n.github-GitTimingsView .waterfall-header .collapse-toggle {\n  cursor: pointer;\n  margin-right: 2px;\n}\n.github-GitTimingsView .waterfall-header-text {\n  flex: 1;\n}\n.github-GitTimingsView .waterfall-header-controls {\n  flex-basis: 250px;\n  display: flex;\n  align-items: center;\n}\n.github-GitTimingsView .waterfall-export-button {\n  margin: 0 10px 3px 0;\n}\n.github-GitTimingsView .waterfall-scroller {\n  overflow: auto;\n}\n.github-GitTimingsView .waterfall-container {\n  position: relative;\n  display: inline-block;\n  min-width: 100%;\n}\n.github-GitTimingsView .waterfall-time-marker {\n  position: absolute;\n  height: 100%;\n  width: 1px;\n  border-left: 1px solid rgba(0, 0, 0, 0.5);\n}\n.github-GitTimingsView .waterfall-timeline {\n  position: relative;\n  margin: 5px 0;\n}\n.github-GitTimingsView .waterfall-timeline-label {\n  position: absolute;\n  padding-left: 5px;\n  color: #aaa;\n}\n.github-GitTimingsView .waterfall-row {\n  position: relative;\n  min-height: 15px;\n  padding: 2px 0;\n}\n.github-GitTimingsView .waterfall-row:nth-child(2n+1) {\n  background-color: #333;\n}\n.github-GitTimingsView .waterfall-row:hover {\n  background-color: rgba(0, 0, 0, 0.5);\n}\n.github-GitTimingsView .waterfall-row-label {\n  position: relative;\n  margin: 0 5px;\n  white-space: nowrap;\n}\n.github-GitTimingsView .waterfall-marker {\n  position: absolute;\n  top: 2px;\n  bottom: 2px;\n}\n.github-GitTimingsView .waterfall-marker-section {\n  display: inline-block;\n  position: relative;\n  height: 100%;\n  vertical-align: top;\n}\n","imports":[{"path":"static\\variables\\ui-variables.less","digest":"b28ed6c38c4cfce23f83a1b012a3968aa63fce4c"},{"path":"static\\variables\\syntax-variables.less","digest":"812c1b7883a023f768773d14294653adcdb932d7"},{"path":"node_modules\\github\\styles\\variables.less","digest":"9ee4e4579d5fd51444f9269f6fa5074eda5bd98d"},{"path":"static\\variables\\ui-variables.less","digest":"b28ed6c38c4cfce23f83a1b012a3968aa63fce4c"},{"path":"static\\variables\\syntax-variables.less","digest":"812c1b7883a023f768773d14294653adcdb932d7"},{"path":"node_modules\\atom-dark-ui\\styles\\ui-variables.less","digest":"bbc53164b15cea5f3aeeddd1ea77a4e7bd5f8503"},{"path":"node_modules\\one-light-syntax\\styles\\syntax-variables.less","digest":"e2156cb2e22e8a18c9204457764d21db6c8b73a7"},{"path":"node_modules\\one-light-syntax\\styles\\colors.less","digest":"6e53c2e7473d04130f2592930c3470ed86daffdf"}],"version":1}