{"digest":"dd1c13acecf2cc9a731fd3039a41cd519ad8f7f8","css":".github-UserMentionTooltip {\n  display: flex;\n}\n.github-UserMentionTooltip-avatar {\n  flex-basis: 50px;\n  padding-right: 10px;\n}\n.github-UserMentionTooltip-avatar > img {\n  width: 90px;\n  height: 90px;\n  border-radius: 1px;\n}\n.github-UserMentionTooltip-info {\n  flex: 1;\n  text-align: left;\n  line-height: 1.6;\n}\n.github-UserMentionTooltip-info > div {\n  white-space: nowrap;\n}\n.github-UserMentionTooltip-info .icon {\n  vertical-align: middle;\n}\n","imports":[{"path":"static\\variables\\ui-variables.less","digest":"b28ed6c38c4cfce23f83a1b012a3968aa63fce4c"},{"path":"static\\variables\\syntax-variables.less","digest":"812c1b7883a023f768773d14294653adcdb932d7"},{"path":"node_modules\\github\\styles\\variables.less","digest":"9ee4e4579d5fd51444f9269f6fa5074eda5bd98d"},{"path":"static\\variables\\ui-variables.less","digest":"b28ed6c38c4cfce23f83a1b012a3968aa63fce4c"},{"path":"static\\variables\\syntax-variables.less","digest":"812c1b7883a023f768773d14294653adcdb932d7"},{"path":"node_modules\\atom-dark-ui\\styles\\ui-variables.less","digest":"bbc53164b15cea5f3aeeddd1ea77a4e7bd5f8503"},{"path":"node_modules\\one-light-syntax\\styles\\syntax-variables.less","digest":"e2156cb2e22e8a18c9204457764d21db6c8b73a7"},{"path":"node_modules\\one-light-syntax\\styles\\colors.less","digest":"6e53c2e7473d04130f2592930c3470ed86daffdf"}],"version":1}