{"_id":"brace-expansion","_rev":"28-0370242534b4a1a8fe8edd27fe4ac269","name":"brace-expansion","description":"Brace expansion as known from sh/bash","dist-tags":{"latest":"1.1.11"},"versions":{"0.0.0":{"name":"brace-expansion","description":"Brace expansion as known from sh/bash","version":"0.0.0","repository":{"type":"git","url":"git://github.com/juliangruber/brace-expansion.git"},"homepage":"https://github.com/juliangruber/brace-expansion","main":"index.js","scripts":{"test":"tape test/*.js"},"dependencies":{"concat-map":"0.0.0","balanced-match":"0.0.0"},"devDependencies":{"tape":"~1.1.1"},"keywords":[],"author":{"name":"Julian Gruber","email":"mail@juliangruber.com","url":"http://juliangruber.com"},"license":"MIT","bugs":{"url":"https://github.com/juliangruber/brace-expansion/issues"},"_id":"brace-expansion@0.0.0","dist":{"shasum":"b2142015e8ee12d4cdae2a23908d28d44c2baa9f","tarball":"https://registry.npmjs.org/brace-expansion/-/brace-expansion-0.0.0.tgz"},"_from":".","_npmVersion":"1.3.11","_npmUser":{"name":"juliangruber","email":"julian@juliangruber.com"},"maintainers":[{"name":"juliangruber","email":"julian@juliangruber.com"}],"directories":{}},"1.0.0":{"name":"brace-expansion","description":"Brace expansion as known from sh/bash","version":"1.0.0","repository":{"type":"git","url":"git://github.com/juliangruber/brace-expansion.git"},"homepage":"https://github.com/juliangruber/brace-expansion","main":"index.js","scripts":{"test":"tape test/*.js","gentest":"bash test/generate.sh"},"dependencies":{"balanced-match":"^0.2.0","concat-map":"0.0.0"},"devDependencies":{"tape":"~1.1.1"},"keywords":[],"author":{"name":"Julian Gruber","email":"mail@juliangruber.com","url":"http://juliangruber.com"},"license":"MIT","testling":{"files":"test/*.js","browsers":["ie/8..latest","firefox/20..latest","firefox/nightly","chrome/25..latest","chrome/canary","opera/12..latest","opera/next","safari/5.1..latest","ipad/6.0..latest","iphone/6.0..latest","android-browser/4.2..latest"]},"gitHead":"55329dcf69a61c2ea76320c5e87a56de48682c80","bugs":{"url":"https://github.com/juliangruber/brace-expansion/issues"},"_id":"brace-expansion@1.0.0","_shasum":"a01656d12ebbbd067c8e935903f194ea5efee4ee","_from":".","_npmVersion":"2.1.8","_nodeVersion":"0.10.32","_npmUser":{"name":"juliangruber","email":"julian@juliangruber.com"},"maintainers":[{"name":"juliangruber","email":"julian@juliangruber.com"}],"dist":{"shasum":"a01656d12ebbbd067c8e935903f194ea5efee4ee","tarball":"https://registry.npmjs.org/brace-expansion/-/brace-expansion-1.0.0.tgz"},"directories":{}},"1.0.1":{"name":"brace-expansion","description":"Brace expansion as known from sh/bash","version":"1.0.1","repository":{"type":"git","url":"git://github.com/juliangruber/brace-expansion.git"},"homepage":"https://github.com/juliangruber/brace-expansion","main":"index.js","scripts":{"test":"tape test/*.js","gentest":"bash test/generate.sh"},"dependencies":{"balanced-match":"^0.2.0","concat-map":"0.0.0"},"devDependencies":{"tape":"~1.1.1"},"keywords":[],"author":{"name":"Julian Gruber","email":"mail@juliangruber.com","url":"http://juliangruber.com"},"license":"MIT","testling":{"files":"test/*.js","browsers":["ie/8..latest","firefox/20..latest","firefox/nightly","chrome/25..latest","chrome/canary","opera/12..latest","opera/next","safari/5.1..latest","ipad/6.0..latest","iphone/6.0..latest","android-browser/4.2..latest"]},"gitHead":"ceba9627f19c590feb7df404e1d6c41f8c01b93a","bugs":{"url":"https://github.com/juliangruber/brace-expansion/issues"},"_id":"brace-expansion@1.0.1","_shasum":"817708d72ab27a8c312d25efababaea963439ed5","_from":".","_npmVersion":"2.1.11","_nodeVersion":"0.10.16","_npmUser":{"name":"isaacs","email":"i@izs.me"},"maintainers":[{"name":"juliangruber","email":"julian@juliangruber.com"},{"name":"isaacs","email":"isaacs@npmjs.com"}],"dist":{"shasum":"817708d72ab27a8c312d25efababaea963439ed5","tarball":"https://registry.npmjs.org/brace-expansion/-/brace-expansion-1.0.1.tgz"},"directories":{}},"1.1.0":{"name":"brace-expansion","description":"Brace expansion as known from sh/bash","version":"1.1.0","repository":{"type":"git","url":"git://github.com/juliangruber/brace-expansion.git"},"homepage":"https://github.com/juliangruber/brace-expansion","main":"index.js","scripts":{"test":"tape test/*.js","gentest":"bash test/generate.sh"},"dependencies":{"balanced-match":"^0.2.0","concat-map":"0.0.1"},"devDependencies":{"tape":"^3.0.3"},"keywords":[],"author":{"name":"Julian Gruber","email":"mail@juliangruber.com","url":"http://juliangruber.com"},"license":"MIT","testling":{"files":"test/*.js","browsers":["ie/8..latest","firefox/20..latest","firefox/nightly","chrome/25..latest","chrome/canary","opera/12..latest","opera/next","safari/5.1..latest","ipad/6.0..latest","iphone/6.0..latest","android-browser/4.2..latest"]},"gitHead":"b5fa3b1c74e5e2dba2d0efa19b28335641bc1164","bugs":{"url":"https://github.com/juliangruber/brace-expansion/issues"},"_id":"brace-expansion@1.1.0","_shasum":"c9b7d03c03f37bc704be100e522b40db8f6cfcd9","_from":".","_npmVersion":"2.1.10","_nodeVersion":"0.10.32","_npmUser":{"name":"juliangruber","email":"julian@juliangruber.com"},"maintainers":[{"name":"juliangruber","email":"julian@juliangruber.com"},{"name":"isaacs","email":"isaacs@npmjs.com"}],"dist":{"shasum":"c9b7d03c03f37bc704be100e522b40db8f6cfcd9","tarball":"https://registry.npmjs.org/brace-expansion/-/brace-expansion-1.1.0.tgz"},"directories":{}},"1.1.1":{"name":"brace-expansion","description":"Brace expansion as known from sh/bash","version":"1.1.1","repository":{"type":"git","url":"git://github.com/juliangruber/brace-expansion.git"},"homepage":"https://github.com/juliangruber/brace-expansion","main":"index.js","scripts":{"test":"tape test/*.js","gentest":"bash test/generate.sh"},"dependencies":{"balanced-match":"^0.2.0","concat-map":"0.0.1"},"devDependencies":{"tape":"^3.0.3"},"keywords":[],"author":{"name":"Julian Gruber","email":"mail@juliangruber.com","url":"http://juliangruber.com"},"license":"MIT","testling":{"files":"test/*.js","browsers":["ie/8..latest","firefox/20..latest","firefox/nightly","chrome/25..latest","chrome/canary","opera/12..latest","opera/next","safari/5.1..latest","ipad/6.0..latest","iphone/6.0..latest","android-browser/4.2..latest"]},"gitHead":"f50da498166d76ea570cf3b30179f01f0f119612","bugs":{"url":"https://github.com/juliangruber/brace-expansion/issues"},"_id":"brace-expansion@1.1.1","_shasum":"da5fb78aef4c44c9e4acf525064fb3208ebab045","_from":".","_npmVersion":"2.6.1","_nodeVersion":"0.10.36","_npmUser":{"name":"juliangruber","email":"julian@juliangruber.com"},"maintainers":[{"name":"juliangruber","email":"julian@juliangruber.com"},{"name":"isaacs","email":"isaacs@npmjs.com"}],"dist":{"shasum":"da5fb78aef4c44c9e4acf525064fb3208ebab045","tarball":"https://registry.npmjs.org/brace-expansion/-/brace-expansion-1.1.1.tgz"},"directories":{}},"1.1.2":{"name":"brace-expansion","description":"Brace expansion as known from sh/bash","version":"1.1.2","repository":{"type":"git","url":"git://github.com/juliangruber/brace-expansion.git"},"homepage":"https://github.com/juliangruber/brace-expansion","main":"index.js","scripts":{"test":"tape test/*.js","gentest":"bash test/generate.sh"},"dependencies":{"balanced-match":"^0.3.0","concat-map":"0.0.1"},"devDependencies":{"tape":"4.2.2"},"keywords":[],"author":{"name":"Julian Gruber","email":"mail@juliangruber.com","url":"http://juliangruber.com"},"license":"MIT","testling":{"files":"test/*.js","browsers":["ie/8..latest","firefox/20..latest","firefox/nightly","chrome/25..latest","chrome/canary","opera/12..latest","opera/next","safari/5.1..latest","ipad/6.0..latest","iphone/6.0..latest","android-browser/4.2..latest"]},"gitHead":"b03773a30fa516b1374945b68e9acb6253d595fa","bugs":{"url":"https://github.com/juliangruber/brace-expansion/issues"},"_id":"brace-expansion@1.1.2","_shasum":"f21445d0488b658e2771efd870eff51df29f04ef","_from":".","_npmVersion":"2.14.7","_nodeVersion":"4.2.1","_npmUser":{"name":"juliangruber","email":"julian@juliangruber.com"},"dist":{"shasum":"f21445d0488b658e2771efd870eff51df29f04ef","tarball":"https://registry.npmjs.org/brace-expansion/-/brace-expansion-1.1.2.tgz"},"maintainers":[{"name":"juliangruber","email":"julian@juliangruber.com"},{"name":"isaacs","email":"isaacs@npmjs.com"}],"directories":{}},"1.1.3":{"name":"brace-expansion","description":"Brace expansion as known from sh/bash","version":"1.1.3","repository":{"type":"git","url":"git://github.com/juliangruber/brace-expansion.git"},"homepage":"https://github.com/juliangruber/brace-expansion","main":"index.js","scripts":{"test":"tape test/*.js","gentest":"bash test/generate.sh"},"dependencies":{"balanced-match":"^0.3.0","concat-map":"0.0.1"},"devDependencies":{"tape":"4.4.0"},"keywords":[],"author":{"name":"Julian Gruber","email":"mail@juliangruber.com","url":"http://juliangruber.com"},"license":"MIT","testling":{"files":"test/*.js","browsers":["ie/8..latest","firefox/20..latest","firefox/nightly","chrome/25..latest","chrome/canary","opera/12..latest","opera/next","safari/5.1..latest","ipad/6.0..latest","iphone/6.0..latest","android-browser/4.2..latest"]},"gitHead":"f0da1bb668e655f67b6b2d660c6e1c19e2a6f231","bugs":{"url":"https://github.com/juliangruber/brace-expansion/issues"},"_id":"brace-expansion@1.1.3","_shasum":"46bff50115d47fc9ab89854abb87d98078a10991","_from":".","_npmVersion":"3.3.12","_nodeVersion":"5.5.0","_npmUser":{"name":"juliangruber","email":"julian@juliangruber.com"},"dist":{"shasum":"46bff50115d47fc9ab89854abb87d98078a10991","tarball":"https://registry.npmjs.org/brace-expansion/-/brace-expansion-1.1.3.tgz"},"maintainers":[{"name":"juliangruber","email":"julian@juliangruber.com"},{"name":"isaacs","email":"isaacs@npmjs.com"}],"_npmOperationalInternal":{"host":"packages-6-west.internal.npmjs.com","tmp":"tmp/brace-expansion-1.1.3.tgz_1455216688668_0.948847763473168"},"directories":{}},"1.1.4":{"name":"brace-expansion","description":"Brace expansion as known from sh/bash","version":"1.1.4","repository":{"type":"git","url":"git://github.com/juliangruber/brace-expansion.git"},"homepage":"https://github.com/juliangruber/brace-expansion","main":"index.js","scripts":{"test":"tape test/*.js","gentest":"bash test/generate.sh"},"dependencies":{"balanced-match":"^0.4.1","concat-map":"0.0.1"},"devDependencies":{"tape":"4.5.1"},"keywords":[],"author":{"name":"Julian Gruber","email":"mail@juliangruber.com","url":"http://juliangruber.com"},"license":"MIT","testling":{"files":"test/*.js","browsers":["ie/8..latest","firefox/20..latest","firefox/nightly","chrome/25..latest","chrome/canary","opera/12..latest","opera/next","safari/5.1..latest","ipad/6.0..latest","iphone/6.0..latest","android-browser/4.2..latest"]},"gitHead":"1660b75d0bf03b022e7888b576cd5a4080692c1d","bugs":{"url":"https://github.com/juliangruber/brace-expansion/issues"},"_id":"brace-expansion@1.1.4","_shasum":"464a204c77f482c085c2a36c456bbfbafb67a127","_from":".","_npmVersion":"3.8.6","_nodeVersion":"6.0.0","_npmUser":{"name":"juliangruber","email":"julian@juliangruber.com"},"dist":{"shasum":"464a204c77f482c085c2a36c456bbfbafb67a127","tarball":"https://registry.npmjs.org/brace-expansion/-/brace-expansion-1.1.4.tgz"},"maintainers":[{"name":"juliangruber","email":"julian@juliangruber.com"},{"name":"isaacs","email":"isaacs@npmjs.com"}],"_npmOperationalInternal":{"host":"packages-12-west.internal.npmjs.com","tmp":"tmp/brace-expansion-1.1.4.tgz_1462130058897_0.14984136167913675"},"directories":{}},"1.1.5":{"name":"brace-expansion","description":"Brace expansion as known from sh/bash","version":"1.1.5","repository":{"type":"git","url":"git://github.com/juliangruber/brace-expansion.git"},"homepage":"https://github.com/juliangruber/brace-expansion","main":"index.js","scripts":{"test":"tape test/*.js","gentest":"bash test/generate.sh"},"dependencies":{"balanced-match":"^0.4.1","concat-map":"0.0.1"},"devDependencies":{"tape":"4.5.1"},"keywords":[],"author":{"name":"Julian Gruber","email":"mail@juliangruber.com","url":"http://juliangruber.com"},"license":"MIT","testling":{"files":"test/*.js","browsers":["ie/8..latest","firefox/20..latest","firefox/nightly","chrome/25..latest","chrome/canary","opera/12..latest","opera/next","safari/5.1..latest","ipad/6.0..latest","iphone/6.0..latest","android-browser/4.2..latest"]},"gitHead":"ff31acab078f1bb696ac4c55ca56ea24e6495fb6","bugs":{"url":"https://github.com/juliangruber/brace-expansion/issues"},"_id":"brace-expansion@1.1.5","_shasum":"f5b4ad574e2cb7ccc1eb83e6fe79b8ecadf7a526","_from":".","_npmVersion":"2.15.5","_nodeVersion":"4.4.5","_npmUser":{"name":"juliangruber","email":"julian@juliangruber.com"},"dist":{"shasum":"f5b4ad574e2cb7ccc1eb83e6fe79b8ecadf7a526","tarball":"https://registry.npmjs.org/brace-expansion/-/brace-expansion-1.1.5.tgz"},"maintainers":[{"name":"juliangruber","email":"julian@juliangruber.com"},{"name":"isaacs","email":"isaacs@npmjs.com"}],"_npmOperationalInternal":{"host":"packages-16-east.internal.npmjs.com","tmp":"tmp/brace-expansion-1.1.5.tgz_1465989660138_0.34528115345165133"},"directories":{}},"1.1.6":{"name":"brace-expansion","description":"Brace expansion as known from sh/bash","version":"1.1.6","repository":{"type":"git","url":"git://github.com/juliangruber/brace-expansion.git"},"homepage":"https://github.com/juliangruber/brace-expansion","main":"index.js","scripts":{"test":"tape test/*.js","gentest":"bash test/generate.sh"},"dependencies":{"balanced-match":"^0.4.1","concat-map":"0.0.1"},"devDependencies":{"tape":"^4.6.0"},"keywords":[],"author":{"name":"Julian Gruber","email":"mail@juliangruber.com","url":"http://juliangruber.com"},"license":"MIT","testling":{"files":"test/*.js","browsers":["ie/8..latest","firefox/20..latest","firefox/nightly","chrome/25..latest","chrome/canary","opera/12..latest","opera/next","safari/5.1..latest","ipad/6.0..latest","iphone/6.0..latest","android-browser/4.2..latest"]},"gitHead":"791262fa06625e9c5594cde529a21d82086af5f2","bugs":{"url":"https://github.com/juliangruber/brace-expansion/issues"},"_id":"brace-expansion@1.1.6","_shasum":"7197d7eaa9b87e648390ea61fc66c84427420df9","_from":".","_npmVersion":"2.15.8","_nodeVersion":"4.4.7","_npmUser":{"name":"juliangruber","email":"julian@juliangruber.com"},"dist":{"shasum":"7197d7eaa9b87e648390ea61fc66c84427420df9","tarball":"https://registry.npmjs.org/brace-expansion/-/brace-expansion-1.1.6.tgz"},"maintainers":[{"name":"juliangruber","email":"julian@juliangruber.com"},{"name":"isaacs","email":"isaacs@npmjs.com"}],"_npmOperationalInternal":{"host":"packages-16-east.internal.npmjs.com","tmp":"tmp/brace-expansion-1.1.6.tgz_1469047715600_0.9362958471756428"},"directories":{}},"1.1.7":{"name":"brace-expansion","description":"Brace expansion as known from sh/bash","version":"1.1.7","repository":{"type":"git","url":"git://github.com/juliangruber/brace-expansion.git"},"homepage":"https://github.com/juliangruber/brace-expansion","main":"index.js","scripts":{"test":"tape test/*.js","gentest":"bash test/generate.sh","bench":"matcha test/perf/bench.js"},"dependencies":{"balanced-match":"^0.4.1","concat-map":"0.0.1"},"devDependencies":{"matcha":"^0.7.0","tape":"^4.6.0"},"keywords":[],"author":{"name":"Julian Gruber","email":"mail@juliangruber.com","url":"http://juliangruber.com"},"license":"MIT","testling":{"files":"test/*.js","browsers":["ie/8..latest","firefox/20..latest","firefox/nightly","chrome/25..latest","chrome/canary","opera/12..latest","opera/next","safari/5.1..latest","ipad/6.0..latest","iphone/6.0..latest","android-browser/4.2..latest"]},"gitHead":"892512024872ca7680554be90f6e8ce065053372","bugs":{"url":"https://github.com/juliangruber/brace-expansion/issues"},"_id":"brace-expansion@1.1.7","_shasum":"3effc3c50e000531fb720eaff80f0ae8ef23cf59","_from":".","_npmVersion":"4.2.0","_nodeVersion":"7.8.0","_npmUser":{"name":"juliangruber","email":"julian@juliangruber.com"},"dist":{"shasum":"3effc3c50e000531fb720eaff80f0ae8ef23cf59","tarball":"https://registry.npmjs.org/brace-expansion/-/brace-expansion-1.1.7.tgz"},"maintainers":[{"name":"juliangruber","email":"julian@juliangruber.com"},{"name":"isaacs","email":"isaacs@npmjs.com"}],"_npmOperationalInternal":{"host":"packages-12-west.internal.npmjs.com","tmp":"tmp/brace-expansion-1.1.7.tgz_1491552830231_0.7213963181711733"},"directories":{}},"1.1.8":{"name":"brace-expansion","description":"Brace expansion as known from sh/bash","version":"1.1.8","repository":{"type":"git","url":"git://github.com/juliangruber/brace-expansion.git"},"homepage":"https://github.com/juliangruber/brace-expansion","main":"index.js","scripts":{"test":"tape test/*.js","gentest":"bash test/generate.sh","bench":"matcha test/perf/bench.js"},"dependencies":{"balanced-match":"^1.0.0","concat-map":"0.0.1"},"devDependencies":{"matcha":"^0.7.0","tape":"^4.6.0"},"keywords":[],"author":{"name":"Julian Gruber","email":"mail@juliangruber.com","url":"http://juliangruber.com"},"license":"MIT","testling":{"files":"test/*.js","browsers":["ie/8..latest","firefox/20..latest","firefox/nightly","chrome/25..latest","chrome/canary","opera/12..latest","opera/next","safari/5.1..latest","ipad/6.0..latest","iphone/6.0..latest","android-browser/4.2..latest"]},"gitHead":"8f59e68bd5c915a0d624e8e39354e1ccf672edf6","bugs":{"url":"https://github.com/juliangruber/brace-expansion/issues"},"_id":"brace-expansion@1.1.8","_shasum":"c07b211c7c952ec1f8efd51a77ef0d1d3990a292","_from":".","_npmVersion":"4.2.0","_nodeVersion":"7.8.0","_npmUser":{"name":"juliangruber","email":"julian@juliangruber.com"},"dist":{"shasum":"c07b211c7c952ec1f8efd51a77ef0d1d3990a292","tarball":"https://registry.npmjs.org/brace-expansion/-/brace-expansion-1.1.8.tgz"},"maintainers":[{"name":"juliangruber","email":"julian@juliangruber.com"},{"name":"isaacs","email":"isaacs@npmjs.com"}],"_npmOperationalInternal":{"host":"s3://npm-registry-packages","tmp":"tmp/brace-expansion-1.1.8.tgz_1497251980593_0.6575565172825009"},"directories":{}},"1.1.9":{"name":"brace-expansion","description":"Brace expansion as known from sh/bash","version":"1.1.9","repository":{"type":"git","url":"git://github.com/juliangruber/brace-expansion.git"},"homepage":"https://github.com/juliangruber/brace-expansion","main":"index.js","scripts":{"test":"tape test/*.js","gentest":"bash test/generate.sh","bench":"matcha test/perf/bench.js"},"dependencies":{"balanced-match":"^1.0.0","concat-map":"0.0.1"},"devDependencies":{"matcha":"^0.7.0","tape":"^4.6.0"},"keywords":[],"author":{"name":"Julian Gruber","email":"mail@juliangruber.com","url":"http://juliangruber.com"},"license":"MIT","testling":{"files":"test/*.js","browsers":["ie/8..latest","firefox/20..latest","firefox/nightly","chrome/25..latest","chrome/canary","opera/12..latest","opera/next","safari/5.1..latest","ipad/6.0..latest","iphone/6.0..latest","android-browser/4.2..latest"]},"gitHead":"0f82dab6708f7c451e4a865b817057bc5a6b3c8e","bugs":{"url":"https://github.com/juliangruber/brace-expansion/issues"},"_id":"brace-expansion@1.1.9","_npmVersion":"5.5.1","_nodeVersion":"9.0.0","_npmUser":{"name":"juliangruber","email":"julian@juliangruber.com"},"dist":{"integrity":"sha512-/+o3o6OV1cm3WKrO7U4wykU+ZICE6HiMEuravc2d03NIuM/VaRn5iMcoQ7NyxFXjvpmRICP2EER0YOnh4yIapA==","shasum":"acdc7dde0e939fb3b32fe933336573e2a7dc2b7c","tarball":"https://registry.npmjs.org/brace-expansion/-/brace-expansion-1.1.9.tgz","fileCount":3,"unpackedSize":9867},"maintainers":[{"name":"isaacs","email":"isaacs@npmjs.com"},{"name":"juliangruber","email":"julian@juliangruber.com"}],"directories":{},"_npmOperationalInternal":{"host":"s3://npm-registry-packages","tmp":"tmp/brace-expansion_1.1.9_1518170016033_0.0827503901708313"}},"1.1.10":{"name":"brace-expansion","description":"Brace expansion as known from sh/bash","version":"1.1.10","repository":{"type":"git","url":"git://github.com/juliangruber/brace-expansion.git"},"homepage":"https://github.com/juliangruber/brace-expansion","main":"index.js","scripts":{"test":"tape test/*.js","gentest":"bash test/generate.sh","bench":"matcha test/perf/bench.js"},"dependencies":{"balanced-match":"^1.0.0","concat-map":"0.0.1"},"devDependencies":{"matcha":"^0.7.0","tape":"^4.6.0"},"keywords":[],"author":{"name":"Julian Gruber","email":"mail@juliangruber.com","url":"http://juliangruber.com"},"license":"MIT","testling":{"files":"test/*.js","browsers":["ie/8..latest","firefox/20..latest","firefox/nightly","chrome/25..latest","chrome/canary","opera/12..latest","opera/next","safari/5.1..latest","ipad/6.0..latest","iphone/6.0..latest","android-browser/4.2..latest"]},"gitHead":"54a6176731eb223cd3dede1473190d885d6b3648","bugs":{"url":"https://github.com/juliangruber/brace-expansion/issues"},"_id":"brace-expansion@1.1.10","_npmVersion":"5.5.1","_nodeVersion":"9.0.0","_npmUser":{"name":"juliangruber","email":"julian@juliangruber.com"},"dist":{"integrity":"sha512-u0KjSZq9NOEh36yRmKT/pIYOu0rpGAyUTeUmJgNd1K2tpAaUomh092TZ0fqbBGQc4hz85BVngAiB2mqekvQvIw==","shasum":"5205cdf64c9798c180dc74b7bfc670c3974e6300","tarball":"https://registry.npmjs.org/brace-expansion/-/brace-expansion-1.1.10.tgz","fileCount":4,"unpackedSize":10964},"maintainers":[{"name":"isaacs","email":"isaacs@npmjs.com"},{"name":"juliangruber","email":"julian@juliangruber.com"}],"directories":{},"_npmOperationalInternal":{"host":"s3://npm-registry-packages","tmp":"tmp/brace-expansion_1.1.10_1518210808996_0.14734749523785462"}},"1.1.11":{"name":"brace-expansion","description":"Brace expansion as known from sh/bash","version":"1.1.11","repository":{"type":"git","url":"git://github.com/juliangruber/brace-expansion.git"},"homepage":"https://github.com/juliangruber/brace-expansion","main":"index.js","scripts":{"test":"tape test/*.js","gentest":"bash test/generate.sh","bench":"matcha test/perf/bench.js"},"dependencies":{"balanced-match":"^1.0.0","concat-map":"0.0.1"},"devDependencies":{"matcha":"^0.7.0","tape":"^4.6.0"},"keywords":[],"author":{"name":"Julian Gruber","email":"mail@juliangruber.com","url":"http://juliangruber.com"},"license":"MIT","testling":{"files":"test/*.js","browsers":["ie/8..latest","firefox/20..latest","firefox/nightly","chrome/25..latest","chrome/canary","opera/12..latest","opera/next","safari/5.1..latest","ipad/6.0..latest","iphone/6.0..latest","android-browser/4.2..latest"]},"gitHead":"01a21de7441549d26ac0c0a9ff91385d16e5c21c","bugs":{"url":"https://github.com/juliangruber/brace-expansion/issues"},"_id":"brace-expansion@1.1.11","_npmVersion":"5.5.1","_nodeVersion":"9.0.0","_npmUser":{"name":"juliangruber","email":"julian@juliangruber.com"},"dist":{"integrity":"sha512-iCuPHDFgrHX7H2vEI/5xpz07zSHB00TpugqhmYtVmMO6518mCuRMoOYFldEBl0g187ufozdaHgWKcYFb61qGiA==","shasum":"3c7fcbf529d87226f3d2f52b966ff5271eb441dd","tarball":"https://registry.npmjs.org/brace-expansion/-/brace-expansion-1.1.11.tgz","fileCount":4,"unpackedSize":11059},"maintainers":[{"name":"isaacs","email":"isaacs@npmjs.com"},{"name":"juliangruber","email":"julian@juliangruber.com"}],"directories":{},"_npmOperationalInternal":{"host":"s3://npm-registry-packages","tmp":"tmp/brace-expansion_1.1.11_1518248541320_0.33962849281003904"}}},"readme":"# brace-expansion\n\n[Brace expansion](https://www.gnu.org/software/bash/manual/html_node/Brace-Expansion.html), \nas known from sh/bash, in JavaScript.\n\n[![build status](https://secure.travis-ci.org/juliangruber/brace-expansion.svg)](http://travis-ci.org/juliangruber/brace-expansion)\n[![downloads](https://img.shields.io/npm/dm/brace-expansion.svg)](https://www.npmjs.org/package/brace-expansion)\n[![Greenkeeper badge](https://badges.greenkeeper.io/juliangruber/brace-expansion.svg)](https://greenkeeper.io/)\n\n[![testling badge](https://ci.testling.com/juliangruber/brace-expansion.png)](https://ci.testling.com/juliangruber/brace-expansion)\n\n## Example\n\n```js\nvar expand = require('brace-expansion');\n\nexpand('file-{a,b,c}.jpg')\n// => ['file-a.jpg', 'file-b.jpg', 'file-c.jpg']\n\nexpand('-v{,,}')\n// => ['-v', '-v', '-v']\n\nexpand('file{0..2}.jpg')\n// => ['file0.jpg', 'file1.jpg', 'file2.jpg']\n\nexpand('file-{a..c}.jpg')\n// => ['file-a.jpg', 'file-b.jpg', 'file-c.jpg']\n\nexpand('file{2..0}.jpg')\n// => ['file2.jpg', 'file1.jpg', 'file0.jpg']\n\nexpand('file{0..4..2}.jpg')\n// => ['file0.jpg', 'file2.jpg', 'file4.jpg']\n\nexpand('file-{a..e..2}.jpg')\n// => ['file-a.jpg', 'file-c.jpg', 'file-e.jpg']\n\nexpand('file{00..10..5}.jpg')\n// => ['file00.jpg', 'file05.jpg', 'file10.jpg']\n\nexpand('{{A..C},{a..c}}')\n// => ['A', 'B', 'C', 'a', 'b', 'c']\n\nexpand('ppp{,config,oe{,conf}}')\n// => ['ppp', 'pppconfig', 'pppoe', 'pppoeconf']\n```\n\n## API\n\n```js\nvar expand = require('brace-expansion');\n```\n\n### var expanded = expand(str)\n\nReturn an array of all possible and valid expansions of `str`. If none are\nfound, `[str]` is returned.\n\nValid expansions are:\n\n```js\n/^(.*,)+(.+)?$/\n// {a,b,...}\n```\n\nA comma separated list of options, like `{a,b}` or `{a,{b,c}}` or `{,a,}`.\n\n```js\n/^-?\\d+\\.\\.-?\\d+(\\.\\.-?\\d+)?$/\n// {x..y[..incr]}\n```\n\nA numeric sequence from `x` to `y` inclusive, with optional increment.\nIf `x` or `y` start with a leading `0`, all the numbers will be padded\nto have equal length. Negative numbers and backwards iteration work too.\n\n```js\n/^-?\\d+\\.\\.-?\\d+(\\.\\.-?\\d+)?$/\n// {x..y[..incr]}\n```\n\nAn alphabetic sequence from `x` to `y` inclusive, with optional increment.\n`x` and `y` must be exactly one character, and if given, `incr` must be a\nnumber.\n\nFor compatibility reasons, the string `${` is not eligible for brace expansion.\n\n## Installation\n\nWith [npm](https://npmjs.org) do:\n\n```bash\nnpm install brace-expansion\n```\n\n## Contributors\n\n- [Julian Gruber](https://github.com/juliangruber)\n- [Isaac Z. Schlueter](https://github.com/isaacs)\n\n## Sponsors\n\nThis module is proudly supported by my [Sponsors](https://github.com/juliangruber/sponsors)!\n\nDo you want to support modules like this to improve their quality, stability and weigh in on new features? Then please consider donating to my [Patreon](https://www.patreon.com/juliangruber). Not sure how much of my modules you're using? Try [feross/thanks](https://github.com/feross/thanks)!\n\n## License\n\n(MIT)\n\nCopyright (c) 2013 Julian Gruber &lt;julian@juliangruber.com&gt;\n\nPermission is hereby granted, free of charge, to any person obtaining a copy of\nthis software and associated documentation files (the \"Software\"), to deal in\nthe Software without restriction, including without limitation the rights to\nuse, copy, modify, merge, publish, distribute, sublicense, and/or sell copies\nof the Software, and to permit persons to whom the Software is furnished to do\nso, subject to the following conditions:\n\nThe above copyright notice and this permission notice shall be included in all\ncopies or substantial portions of the Software.\n\nTHE SOFTWARE IS PROVIDED \"AS IS\", WITHOUT WARRANTY OF ANY KIND, EXPRESS OR\nIMPLIED, INCLUDING BUT NOT LIMITED TO THE WARRANTIES OF MERCHANTABILITY,\nFITNESS FOR A PARTICULAR PURPOSE AND NONINFRINGEMENT. IN NO EVENT SHALL THE\nAUTHORS OR COPYRIGHT HOLDERS BE LIABLE FOR ANY CLAIM, DAMAGES OR OTHER\nLIABILITY, WHETHER IN AN ACTION OF CONTRACT, TORT OR OTHERWISE, ARISING FROM,\nOUT OF OR IN CONNECTION WITH THE SOFTWARE OR THE USE OR OTHER DEALINGS IN THE\nSOFTWARE.\n","maintainers":[{"name":"isaacs","email":"isaacs@npmjs.com"},{"name":"juliangruber","email":"julian@juliangruber.com"}],"time":{"modified":"2018-02-10T07:42:24.286Z","created":"2013-10-13T12:58:47.118Z","0.0.0":"2013-10-13T12:58:50.153Z","1.0.0":"2014-11-30T09:58:55.317Z","1.0.1":"2014-12-03T07:58:39.708Z","1.1.0":"2014-12-16T18:58:15.116Z","1.1.1":"2015-09-27T21:58:47.098Z","1.1.2":"2015-11-28T12:58:57.647Z","1.1.3":"2016-02-11T18:51:31.874Z","1.1.4":"2016-05-01T19:14:21.252Z","1.1.5":"2016-06-15T11:21:03.644Z","1.1.6":"2016-07-20T20:48:37.117Z","1.1.7":"2017-04-07T08:13:51.907Z","1.1.8":"2017-06-12T07:19:41.589Z","1.1.9":"2018-02-09T09:53:36.709Z","1.1.10":"2018-02-09T21:13:29.675Z","1.1.11":"2018-02-10T07:42:22.313Z"},"author":{"name":"Julian Gruber","email":"mail@juliangruber.com","url":"http://juliangruber.com"},"repository":{"type":"git","url":"git://github.com/juliangruber/brace-expansion.git"},"homepage":"https://github.com/juliangruber/brace-expansion","keywords":[],"bugs":{"url":"https://github.com/juliangruber/brace-expansion/issues"},"license":"MIT","readmeFilename":"README.md","users":{"fotooo":true,"i-erokhin":true,"scottfreecode":true,"shaomingquan":true,"sbruchmann":true},"_attachments":{},"_etag":"W/\"e1bb7280c24dff102c3475d67515cff5\"","_lastModified":"Sat, 26 May 2018 18:55:42 GMT","_cached":true}