{"digest":"34957186fc00caff0376955ced7a4df5a55eaf58","css":".select-list .loading .loading-message::before {\n  font-family: 'Octicons Regular';\n  font-weight: normal;\n  font-style: normal;\n  display: inline-block;\n  line-height: 1;\n  -webkit-font-smoothing: antialiased;\n  text-decoration: none;\n  font-size: 16px;\n  width: 16px;\n  height: 16px;\n  content: \"\\f09e\";\n}\n.select-list .loading .loading-message:before {\n  font-size: 1.1em;\n  width: 1.1em;\n  height: 1.1em;\n  margin-right: 5px;\n}\n.select-list .loading .badge {\n  margin-left: 10px;\n}\n.select-list ol.list-group {\n  position: relative;\n  overflow-y: auto;\n  max-height: 312px;\n  margin: 10px 0 0 0;\n  padding: 0;\n}\n.select-list ol.list-group li {\n  display: block;\n}\n.select-list ol.list-group li .primary-line,\n.select-list ol.list-group li .secondary-line {\n  text-overflow: ellipsis;\n  white-space: nowrap;\n  overflow: hidden;\n}\n","imports":[{"path":"node_modules\\one-dark-ui\\styles\\ui-variables.less","digest":"f0cd54bb3195577225c676e2ba1a5f91fdd4a1ab"},{"path":"node_modules\\one-dark-ui\\styles\\ui-variables-custom.less","digest":"912cd9b31c4db8b551f47b4d0ced938a6b62dc95"},{"path":"node_modules\\one-dark-syntax\\styles\\syntax-variables.less","digest":"4737e2c84347b1a399426a81fc903dd3ce1abb52"},{"path":"node_modules\\one-dark-syntax\\styles\\colors.less","digest":"66bba03e9aabff000a84c2839a9d3e9a9fa08e0e"},{"path":"static\\variables\\octicon-mixins.less","digest":"95ee6fc64ee8890d428ac75c63d8b8de3ead010c"},{"path":"static\\variables\\octicon-utf-codes.less","digest":"fca97c7cecae6f10fc64d90751603b41f79a4a0d"}],"version":1}