{"_id":"atom-select-list","_rev":"37-4ee7872aee85e9ac56f9bf3e756b3832","name":"atom-select-list","description":"A general-purpose select list for use in Atom packages","dist-tags":{"latest":"0.7.1"},"versions":{"0.0.1":{"name":"atom-select-list","version":"0.0.1","description":"A general-purpose select list for use in Atom packages","main":"./src/select-list-view.js","scripts":{"test":"atom --test test"},"author":"","license":"MIT","atomTestRunner":"atom-mocha-test-runner","devDependencies":{"atom-mocha-test-runner":"^0.3.0"},"dependencies":{"etch":"^0.8.0","fuzzaldrin":"^2.1.0"},"gitHead":"f48644b1118f8f49658ad6cc20980297d98338e1","_id":"atom-select-list@0.0.1","_shasum":"38eb871737f5fd729be94f552e94cc8ef46ffc46","_from":".","_npmVersion":"3.10.8","_nodeVersion":"6.9.1","_npmUser":{"name":"as-cii","email":"as-cii@github.com"},"dist":{"shasum":"38eb871737f5fd729be94f552e94cc8ef46ffc46","tarball":"https://registry.npmjs.org/atom-select-list/-/atom-select-list-0.0.1.tgz"},"maintainers":[{"name":"as-cii","email":"as-cii@github.com"}],"_npmOperationalInternal":{"host":"packages-18-east.internal.npmjs.com","tmp":"tmp/atom-select-list-0.0.1.tgz_1479822786926_0.3560042481403798"},"directories":{}},"0.0.2":{"name":"atom-select-list","version":"0.0.2","description":"A general-purpose select list for use in Atom packages","main":"./src/select-list-view.js","scripts":{"test":"atom --test test"},"author":"","license":"MIT","atomTestRunner":"atom-mocha-test-runner","devDependencies":{"atom-mocha-test-runner":"^0.3.0"},"dependencies":{"etch":"^0.8.0","fuzzaldrin":"^2.1.0"},"gitHead":"fa20fdc7d0763a02aa2f1e2385f8f61e0063eb65","_id":"atom-select-list@0.0.2","_shasum":"38ed74c4d078b3740044da9baeeaa0af2f271bae","_from":".","_npmVersion":"3.10.8","_nodeVersion":"6.9.1","_npmUser":{"name":"as-cii","email":"as-cii@github.com"},"dist":{"shasum":"38ed74c4d078b3740044da9baeeaa0af2f271bae","tarball":"https://registry.npmjs.org/atom-select-list/-/atom-select-list-0.0.2.tgz"},"maintainers":[{"name":"as-cii","email":"as-cii@github.com"},{"name":"atom","email":"nathan@github.com"},{"name":"maxbrunsfeld","email":"maxbrunsfeld@gmail.com"},{"name":"nathansobo","email":"nathan@github.com"}],"_npmOperationalInternal":{"host":"packages-18-east.internal.npmjs.com","tmp":"tmp/atom-select-list-0.0.2.tgz_1479823468525_0.3923750182148069"},"directories":{}},"0.0.3":{"name":"atom-select-list","version":"0.0.3","description":"A general-purpose select list for use in Atom packages","main":"./src/select-list-view.js","scripts":{"test":"atom --test test"},"author":"","license":"MIT","atomTestRunner":"atom-mocha-test-runner","devDependencies":{"atom-mocha-test-runner":"^0.3.0"},"dependencies":{"etch":"^0.8.0","fuzzaldrin":"^2.1.0"},"gitHead":"aa31fad8b1426473133b121b6141d335a6d6ba93","_id":"atom-select-list@0.0.3","_shasum":"7c80fe2905c1b14ef8eaeb313c88e0ee4a34fc96","_from":".","_npmVersion":"3.10.8","_nodeVersion":"6.9.1","_npmUser":{"name":"as-cii","email":"as-cii@github.com"},"dist":{"shasum":"7c80fe2905c1b14ef8eaeb313c88e0ee4a34fc96","tarball":"https://registry.npmjs.org/atom-select-list/-/atom-select-list-0.0.3.tgz"},"maintainers":[{"name":"as-cii","email":"as-cii@github.com"},{"name":"atom","email":"nathan@github.com"},{"name":"maxbrunsfeld","email":"maxbrunsfeld@gmail.com"},{"name":"nathansobo","email":"nathan@github.com"}],"_npmOperationalInternal":{"host":"packages-12-west.internal.npmjs.com","tmp":"tmp/atom-select-list-0.0.3.tgz_1479829876325_0.9975575115531683"},"directories":{}},"0.0.4":{"name":"atom-select-list","version":"0.0.4","description":"A general-purpose select list for use in Atom packages","main":"./src/select-list-view.js","scripts":{"test":"atom --test test"},"author":"","license":"MIT","atomTestRunner":"atom-mocha-test-runner","devDependencies":{"atom-mocha-test-runner":"^0.3.0"},"dependencies":{"etch":"^0.8.0","fuzzaldrin":"^2.1.0"},"gitHead":"fd7d5aa7ee904627c07636587c6db4adc1d0da8f","_id":"atom-select-list@0.0.4","_shasum":"848d86abad1ae0041d5529d2d1ac5689ca9d258a","_from":".","_npmVersion":"3.10.8","_nodeVersion":"6.9.1","_npmUser":{"name":"as-cii","email":"as-cii@github.com"},"dist":{"shasum":"848d86abad1ae0041d5529d2d1ac5689ca9d258a","tarball":"https://registry.npmjs.org/atom-select-list/-/atom-select-list-0.0.4.tgz"},"maintainers":[{"name":"as-cii","email":"as-cii@github.com"},{"name":"atom","email":"nathan@github.com"},{"name":"maxbrunsfeld","email":"maxbrunsfeld@gmail.com"},{"name":"nathansobo","email":"nathan@github.com"}],"_npmOperationalInternal":{"host":"packages-12-west.internal.npmjs.com","tmp":"tmp/atom-select-list-0.0.4.tgz_1479830191111_0.3226172861177474"},"directories":{}},"0.0.5":{"name":"atom-select-list","version":"0.0.5","description":"A general-purpose select list for use in Atom packages","main":"./src/select-list-view.js","scripts":{"test":"atom --test test"},"author":"","license":"MIT","atomTestRunner":"atom-mocha-test-runner","devDependencies":{"atom-mocha-test-runner":"^0.3.0"},"dependencies":{"etch":"^0.8.0","fuzzaldrin":"^2.1.0"},"gitHead":"aead64e8102fc9a315d2007179141f8e89fd7de7","_id":"atom-select-list@0.0.5","_shasum":"5ad4958f481dda8471f30142ae1a468417c0872e","_from":".","_npmVersion":"3.10.8","_nodeVersion":"6.9.1","_npmUser":{"name":"as-cii","email":"as-cii@github.com"},"dist":{"shasum":"5ad4958f481dda8471f30142ae1a468417c0872e","tarball":"https://registry.npmjs.org/atom-select-list/-/atom-select-list-0.0.5.tgz"},"maintainers":[{"name":"as-cii","email":"as-cii@github.com"},{"name":"atom","email":"nathan@github.com"},{"name":"maxbrunsfeld","email":"maxbrunsfeld@gmail.com"},{"name":"nathansobo","email":"nathan@github.com"}],"_npmOperationalInternal":{"host":"packages-12-west.internal.npmjs.com","tmp":"tmp/atom-select-list-0.0.5.tgz_1480345764657_0.3837810209952295"},"directories":{}},"0.0.6":{"name":"atom-select-list","version":"0.0.6","description":"A general-purpose select list for use in Atom packages","main":"./src/select-list-view.js","scripts":{"test":"atom --test test"},"author":"","license":"MIT","atomTestRunner":"atom-mocha-test-runner","devDependencies":{"atom-mocha-test-runner":"^0.3.0"},"dependencies":{"etch":"^0.8.0","fuzzaldrin":"^2.1.0"},"gitHead":"24b8e189ae641425b611447339ab7bf09d251fdf","_id":"atom-select-list@0.0.6","_shasum":"d087eeae9fb1dd0113e3d38dba84846a9493da4d","_from":".","_npmVersion":"3.10.8","_nodeVersion":"6.9.1","_npmUser":{"name":"as-cii","email":"as-cii@github.com"},"dist":{"shasum":"d087eeae9fb1dd0113e3d38dba84846a9493da4d","tarball":"https://registry.npmjs.org/atom-select-list/-/atom-select-list-0.0.6.tgz"},"maintainers":[{"name":"as-cii","email":"as-cii@github.com"},{"name":"atom","email":"nathan@github.com"},{"name":"maxbrunsfeld","email":"maxbrunsfeld@gmail.com"},{"name":"nathansobo","email":"nathan@github.com"}],"_npmOperationalInternal":{"host":"packages-18-east.internal.npmjs.com","tmp":"tmp/atom-select-list-0.0.6.tgz_1480705021829_0.48394249519333243"},"directories":{}},"0.0.7":{"name":"atom-select-list","version":"0.0.7","description":"A general-purpose select list for use in Atom packages","main":"./src/select-list-view.js","scripts":{"test":"atom --test test"},"author":"","license":"MIT","atomTestRunner":"atom-mocha-test-runner","devDependencies":{"atom-mocha-test-runner":"^0.3.0"},"dependencies":{"etch":"^0.8.0","fuzzaldrin":"^2.1.0"},"gitHead":"28010e69ef9b8794122da885c2c6d7fc7e73d1ce","_id":"atom-select-list@0.0.7","_shasum":"20917dae57278619f0f9a180fa5903069baa751f","_from":".","_npmVersion":"3.10.8","_nodeVersion":"6.9.1","_npmUser":{"name":"as-cii","email":"as-cii@github.com"},"dist":{"shasum":"20917dae57278619f0f9a180fa5903069baa751f","tarball":"https://registry.npmjs.org/atom-select-list/-/atom-select-list-0.0.7.tgz"},"maintainers":[{"name":"as-cii","email":"as-cii@github.com"},{"name":"atom","email":"nathan@github.com"},{"name":"maxbrunsfeld","email":"maxbrunsfeld@gmail.com"},{"name":"nathansobo","email":"nathan@github.com"}],"_npmOperationalInternal":{"host":"packages-18-east.internal.npmjs.com","tmp":"tmp/atom-select-list-0.0.7.tgz_1481739658655_0.1914720239583403"},"directories":{}},"0.0.8":{"name":"atom-select-list","version":"0.0.8","description":"A general-purpose select list for use in Atom packages","main":"./src/select-list-view.js","scripts":{"test":"atom --test test"},"author":"","license":"MIT","atomTestRunner":"atom-mocha-test-runner","devDependencies":{"atom-mocha-test-runner":"^0.3.0"},"dependencies":{"etch":"^0.8.0","fuzzaldrin":"^2.1.0"},"gitHead":"394c6c867b427eb838887705d2d2734dfac835ce","_id":"atom-select-list@0.0.8","_shasum":"c204dc19eaebc2d59d3b2f7717d604bf5b979d8d","_from":".","_npmVersion":"3.10.8","_nodeVersion":"6.9.1","_npmUser":{"name":"as-cii","email":"as-cii@github.com"},"dist":{"shasum":"c204dc19eaebc2d59d3b2f7717d604bf5b979d8d","tarball":"https://registry.npmjs.org/atom-select-list/-/atom-select-list-0.0.8.tgz"},"maintainers":[{"name":"as-cii","email":"as-cii@github.com"},{"name":"atom","email":"nathan@github.com"},{"name":"maxbrunsfeld","email":"maxbrunsfeld@gmail.com"},{"name":"nathansobo","email":"nathan@github.com"}],"_npmOperationalInternal":{"host":"packages-18-east.internal.npmjs.com","tmp":"tmp/atom-select-list-0.0.8.tgz_1485434394043_0.4217657563276589"},"directories":{}},"0.0.9":{"name":"atom-select-list","version":"0.0.9","description":"A general-purpose select list for use in Atom packages","main":"./src/select-list-view.js","scripts":{"test":"atom --test test"},"author":"","license":"MIT","atomTestRunner":"atom-mocha-test-runner","devDependencies":{"atom-mocha-test-runner":"^0.3.0"},"dependencies":{"etch":"^0.8.0","fuzzaldrin":"^2.1.0"},"gitHead":"06fb4e98fb137deeec8574b57415d7a404518694","_id":"atom-select-list@0.0.9","_shasum":"ba0a7d48d564d077aada85c6c1cfcbcaeddf5490","_from":".","_npmVersion":"3.10.8","_nodeVersion":"6.9.1","_npmUser":{"name":"as-cii","email":"as-cii@github.com"},"dist":{"shasum":"ba0a7d48d564d077aada85c6c1cfcbcaeddf5490","tarball":"https://registry.npmjs.org/atom-select-list/-/atom-select-list-0.0.9.tgz"},"maintainers":[{"name":"as-cii","email":"as-cii@github.com"},{"name":"atom","email":"nathan@github.com"},{"name":"maxbrunsfeld","email":"maxbrunsfeld@gmail.com"},{"name":"nathansobo","email":"nathan@github.com"}],"_npmOperationalInternal":{"host":"packages-18-east.internal.npmjs.com","tmp":"tmp/atom-select-list-0.0.9.tgz_1485434977446_0.32116231974214315"},"directories":{}},"0.0.10":{"name":"atom-select-list","version":"0.0.10","description":"A general-purpose select list for use in Atom packages","main":"./src/select-list-view.js","scripts":{"test":"atom --test test"},"author":"","license":"MIT","atomTestRunner":"atom-mocha-test-runner","devDependencies":{"atom-mocha-test-runner":"^0.3.0"},"dependencies":{"etch":"^0.8.0","fuzzaldrin":"^2.1.0"},"gitHead":"bb20f4153a195a5d5f434c00d181c240eb782f5f","_id":"atom-select-list@0.0.10","_shasum":"54368956b189232e77eba8d9ff985d7fac984f69","_from":".","_npmVersion":"3.10.8","_nodeVersion":"6.9.1","_npmUser":{"name":"as-cii","email":"as-cii@github.com"},"dist":{"shasum":"54368956b189232e77eba8d9ff985d7fac984f69","tarball":"https://registry.npmjs.org/atom-select-list/-/atom-select-list-0.0.10.tgz"},"maintainers":[{"name":"as-cii","email":"as-cii@github.com"},{"name":"atom","email":"nathan@github.com"},{"name":"maxbrunsfeld","email":"maxbrunsfeld@gmail.com"},{"name":"nathansobo","email":"nathan@github.com"}],"_npmOperationalInternal":{"host":"packages-18-east.internal.npmjs.com","tmp":"tmp/atom-select-list-0.0.10.tgz_1485435186497_0.6110835440922529"},"directories":{}},"0.0.11":{"name":"atom-select-list","version":"0.0.11","description":"A general-purpose select list for use in Atom packages","main":"./src/select-list-view.js","scripts":{"test":"atom --test test"},"author":"","license":"MIT","atomTestRunner":"atom-mocha-test-runner","devDependencies":{"atom-mocha-test-runner":"^0.3.0"},"dependencies":{"etch":"^0.8.0","fuzzaldrin":"^2.1.0"},"gitHead":"a502522f073e46edbe81dc948fcc504e48caa319","_id":"atom-select-list@0.0.11","_shasum":"20851d5f93218cb007e065f1778796dd9052afd0","_from":".","_npmVersion":"3.10.8","_nodeVersion":"6.9.1","_npmUser":{"name":"as-cii","email":"as-cii@github.com"},"dist":{"shasum":"20851d5f93218cb007e065f1778796dd9052afd0","tarball":"https://registry.npmjs.org/atom-select-list/-/atom-select-list-0.0.11.tgz"},"maintainers":[{"name":"as-cii","email":"as-cii@github.com"},{"name":"atom","email":"nathan@github.com"},{"name":"maxbrunsfeld","email":"maxbrunsfeld@gmail.com"},{"name":"nathansobo","email":"nathan@github.com"}],"_npmOperationalInternal":{"host":"packages-18-east.internal.npmjs.com","tmp":"tmp/atom-select-list-0.0.11.tgz_1485441806426_0.6516063497401774"},"directories":{}},"0.0.12":{"name":"atom-select-list","version":"0.0.12","description":"A general-purpose select list for use in Atom packages","main":"./src/select-list-view.js","scripts":{"test":"atom --test test"},"author":"","license":"MIT","atomTestRunner":"atom-mocha-test-runner","devDependencies":{"atom-mocha-test-runner":"^0.3.0"},"dependencies":{"etch":"^0.8.0","fuzzaldrin":"^2.1.0"},"gitHead":"52e3bcfc3af37d8a6dfdcc26527d101a2af57930","_id":"atom-select-list@0.0.12","_shasum":"eec6717df6c684156701f8d82a831b920407c2fc","_from":".","_npmVersion":"3.10.8","_nodeVersion":"6.9.1","_npmUser":{"name":"as-cii","email":"as-cii@github.com"},"dist":{"shasum":"eec6717df6c684156701f8d82a831b920407c2fc","tarball":"https://registry.npmjs.org/atom-select-list/-/atom-select-list-0.0.12.tgz"},"maintainers":[{"name":"as-cii","email":"as-cii@github.com"},{"name":"atom","email":"nathan@github.com"},{"name":"maxbrunsfeld","email":"maxbrunsfeld@gmail.com"},{"name":"nathansobo","email":"nathan@github.com"}],"_npmOperationalInternal":{"host":"packages-18-east.internal.npmjs.com","tmp":"tmp/atom-select-list-0.0.12.tgz_1486111054290_0.7831180868670344"},"directories":{}},"0.0.13":{"name":"atom-select-list","version":"0.0.13","description":"A general-purpose select list for use in Atom packages","main":"./src/select-list-view.js","scripts":{"test":"atom --test test"},"author":"","license":"MIT","atomTestRunner":"atom-mocha-test-runner","devDependencies":{"atom-mocha-test-runner":"^0.3.0"},"dependencies":{"etch":"^0.8.0","fuzzaldrin":"^2.1.0"},"gitHead":"ad7d688cf2a113e3d4415c7b5bbf805faa5824cd","_id":"atom-select-list@0.0.13","_shasum":"847a7cbbb545f82c58c6f30198ef3be2b62b352f","_from":".","_npmVersion":"3.10.8","_nodeVersion":"6.9.1","_npmUser":{"name":"as-cii","email":"as-cii@github.com"},"dist":{"shasum":"847a7cbbb545f82c58c6f30198ef3be2b62b352f","tarball":"https://registry.npmjs.org/atom-select-list/-/atom-select-list-0.0.13.tgz"},"maintainers":[{"name":"as-cii","email":"as-cii@github.com"},{"name":"atom","email":"nathan@github.com"},{"name":"maxbrunsfeld","email":"maxbrunsfeld@gmail.com"},{"name":"nathansobo","email":"nathan@github.com"}],"_npmOperationalInternal":{"host":"packages-12-west.internal.npmjs.com","tmp":"tmp/atom-select-list-0.0.13.tgz_1486114779908_0.09180850931443274"},"directories":{}},"0.0.14":{"name":"atom-select-list","version":"0.0.14","description":"A general-purpose select list for use in Atom packages","main":"./src/select-list-view.js","scripts":{"test":"atom --test test"},"author":"","license":"MIT","atomTestRunner":"atom-mocha-test-runner","devDependencies":{"atom-mocha-test-runner":"^0.3.0"},"dependencies":{"etch":"^0.8.0","fuzzaldrin":"^2.1.0"},"gitHead":"25bede2a9e4c98a4c517ab6dc43de982338e427c","_id":"atom-select-list@0.0.14","_shasum":"a88908d72df554a16650d634612e3e5ffa71682b","_from":".","_npmVersion":"3.10.8","_nodeVersion":"6.9.1","_npmUser":{"name":"as-cii","email":"as-cii@github.com"},"dist":{"shasum":"a88908d72df554a16650d634612e3e5ffa71682b","tarball":"https://registry.npmjs.org/atom-select-list/-/atom-select-list-0.0.14.tgz"},"maintainers":[{"name":"as-cii","email":"as-cii@github.com"},{"name":"atom","email":"nathan@github.com"},{"name":"maxbrunsfeld","email":"maxbrunsfeld@gmail.com"},{"name":"nathansobo","email":"nathan@github.com"}],"_npmOperationalInternal":{"host":"packages-12-west.internal.npmjs.com","tmp":"tmp/atom-select-list-0.0.14.tgz_1487600444198_0.9162654255051166"},"directories":{}},"0.0.15":{"name":"atom-select-list","version":"0.0.15","description":"A general-purpose select list for use in Atom packages","main":"./src/select-list-view.js","scripts":{"test":"atom --test test"},"author":"","license":"MIT","atomTestRunner":"atom-mocha-test-runner","devDependencies":{"atom-mocha-test-runner":"^0.3.0"},"dependencies":{"etch":"0.9.0","fuzzaldrin":"^2.1.0"},"gitHead":"69732802b26e125d25da2f9e3c4da3b700680836","_id":"atom-select-list@0.0.15","_shasum":"70369d9de8c75bad167438861c03525ba1c40165","_from":".","_npmVersion":"3.10.8","_nodeVersion":"6.9.1","_npmUser":{"name":"as-cii","email":"as-cii@github.com"},"dist":{"shasum":"70369d9de8c75bad167438861c03525ba1c40165","tarball":"https://registry.npmjs.org/atom-select-list/-/atom-select-list-0.0.15.tgz"},"maintainers":[{"name":"as-cii","email":"as-cii@github.com"},{"name":"atom","email":"nathan@github.com"},{"name":"maxbrunsfeld","email":"maxbrunsfeld@gmail.com"},{"name":"nathansobo","email":"nathan@github.com"}],"_npmOperationalInternal":{"host":"packages-18-east.internal.npmjs.com","tmp":"tmp/atom-select-list-0.0.15.tgz_1488190417760_0.1341830084566027"},"directories":{}},"0.0.16":{"name":"atom-select-list","version":"0.0.16","description":"A general-purpose select list for use in Atom packages","main":"./src/select-list-view.js","scripts":{"test":"atom --test test"},"author":"","license":"MIT","atomTestRunner":"atom-mocha-test-runner","devDependencies":{"atom-mocha-test-runner":"^0.3.0"},"dependencies":{"etch":"0.9.0","fuzzaldrin":"^2.1.0"},"gitHead":"0a1729723e7bf76c5a4d6ed61cfcb45c8dfaedea","_id":"atom-select-list@0.0.16","_shasum":"d9abb67758f26a8e2599b0bd66893661251e2503","_from":".","_npmVersion":"3.10.8","_nodeVersion":"6.9.1","_npmUser":{"name":"as-cii","email":"as-cii@github.com"},"dist":{"shasum":"d9abb67758f26a8e2599b0bd66893661251e2503","tarball":"https://registry.npmjs.org/atom-select-list/-/atom-select-list-0.0.16.tgz"},"maintainers":[{"name":"as-cii","email":"as-cii@github.com"},{"name":"atom","email":"nathan@github.com"},{"name":"maxbrunsfeld","email":"maxbrunsfeld@gmail.com"},{"name":"nathansobo","email":"nathan@github.com"}],"_npmOperationalInternal":{"host":"packages-18-east.internal.npmjs.com","tmp":"tmp/atom-select-list-0.0.16.tgz_1488274656277_0.9384571700356901"},"directories":{}},"0.1.0":{"name":"atom-select-list","version":"0.1.0","description":"A general-purpose select list for use in Atom packages","main":"./src/select-list-view.js","scripts":{"test":"atom --test test"},"author":"","license":"MIT","atomTestRunner":"atom-mocha-test-runner","devDependencies":{"atom-mocha-test-runner":"^0.3.0","sinon":"^2.1.0"},"dependencies":{"etch":"^0.9.5","fuzzaldrin":"^2.1.0"},"gitHead":"d4ceaeaaeffd6d132d6aee9e6595c4f558cc5c44","_id":"atom-select-list@0.1.0","_shasum":"678d0da9300385c046300f9010934fc45c9eaf56","_from":".","_npmVersion":"3.10.8","_nodeVersion":"6.9.1","_npmUser":{"name":"as-cii","email":"as-cii@github.com"},"dist":{"shasum":"678d0da9300385c046300f9010934fc45c9eaf56","tarball":"https://registry.npmjs.org/atom-select-list/-/atom-select-list-0.1.0.tgz"},"maintainers":[{"name":"as-cii","email":"as-cii@github.com"},{"name":"atom","email":"nathan@github.com"},{"name":"maxbrunsfeld","email":"maxbrunsfeld@gmail.com"},{"name":"nathansobo","email":"nathan@github.com"}],"_npmOperationalInternal":{"host":"packages-18-east.internal.npmjs.com","tmp":"tmp/atom-select-list-0.1.0.tgz_1490168130370_0.23041375470347703"},"directories":{}},"0.2.0":{"name":"atom-select-list","version":"0.2.0","description":"A general-purpose select list for use in Atom packages","main":"./src/select-list-view.js","scripts":{"test":"atom --test test"},"author":"","license":"MIT","atomTestRunner":"atom-mocha-test-runner","devDependencies":{"atom-mocha-test-runner":"^0.3.0","sinon":"^2.1.0"},"dependencies":{"etch":"^0.9.5","fuzzaldrin":"^2.1.0"},"gitHead":"98d38f3412e228b33476a75aa30a14296a50239d","_id":"atom-select-list@0.2.0","_shasum":"a4b6d919238c80cc5cda9951154c41b999002dcf","_from":".","_npmVersion":"3.10.8","_nodeVersion":"6.9.1","_npmUser":{"name":"as-cii","email":"as-cii@github.com"},"dist":{"shasum":"a4b6d919238c80cc5cda9951154c41b999002dcf","tarball":"https://registry.npmjs.org/atom-select-list/-/atom-select-list-0.2.0.tgz"},"maintainers":[{"name":"as-cii","email":"as-cii@github.com"},{"name":"atom","email":"nathan@github.com"},{"name":"maxbrunsfeld","email":"maxbrunsfeld@gmail.com"},{"name":"nathansobo","email":"nathan@github.com"}],"_npmOperationalInternal":{"host":"packages-18-east.internal.npmjs.com","tmp":"tmp/atom-select-list-0.2.0.tgz_1490541262877_0.8258840215858072"},"directories":{}},"0.3.0":{"name":"atom-select-list","version":"0.3.0","description":"A general-purpose select list for use in Atom packages","main":"./src/select-list-view.js","scripts":{"test":"atom --test test"},"author":"","license":"MIT","atomTestRunner":"atom-mocha-test-runner","devDependencies":{"atom-mocha-test-runner":"^0.3.0","sinon":"^2.1.0"},"dependencies":{"etch":"^0.9.5","fuzzaldrin":"^2.1.0"},"repository":{"type":"git","url":"git+https://github.com/atom/atom-select-list.git"},"gitHead":"33b2252589891c9fa14a2ea4b91cee6b71df4764","bugs":{"url":"https://github.com/atom/atom-select-list/issues"},"homepage":"https://github.com/atom/atom-select-list#readme","_id":"atom-select-list@0.3.0","_shasum":"9cf4b8fb177a66ab8c4bfd3dfd021639d5250916","_from":".","_npmVersion":"3.10.10","_nodeVersion":"6.10.2","_npmUser":{"name":"ben3eee","email":"bene@datakonstruktion.com"},"dist":{"shasum":"9cf4b8fb177a66ab8c4bfd3dfd021639d5250916","tarball":"https://registry.npmjs.org/atom-select-list/-/atom-select-list-0.3.0.tgz"},"maintainers":[{"email":"bene@datakonstruktion.com","name":"ben3eee"},{"email":"ian.olsen@gmail.com","name":"iolsen"},{"email":"atom@github.com","name":"atom-team"},{"email":"maxbrunsfeld@gmail.com","name":"maxbrunsfeld"},{"email":"nathan@github.com","name":"nathansobo"},{"email":"as-cii@github.com","name":"as-cii"}],"_npmOperationalInternal":{"host":"s3://npm-registry-packages","tmp":"tmp/atom-select-list-0.3.0.tgz_1504640335770_0.27732983510941267"},"directories":{}},"0.3.1":{"name":"atom-select-list","version":"0.3.1","description":"A general-purpose select list for use in Atom packages","main":"./src/select-list-view.js","scripts":{"test":"atom --test test"},"author":"","license":"MIT","atomTestRunner":"atom-mocha-test-runner","devDependencies":{"atom-mocha-test-runner":"^0.3.0","sinon":"^2.1.0"},"dependencies":{"etch":"^0.12.6","fuzzaldrin":"^2.1.0"},"repository":{"type":"git","url":"git+https://github.com/atom/atom-select-list.git"},"gitHead":"9dfeab24cfe0d057e8f9d0dde430962fba0cf815","bugs":{"url":"https://github.com/atom/atom-select-list/issues"},"homepage":"https://github.com/atom/atom-select-list#readme","_id":"atom-select-list@0.3.1","_npmVersion":"5.4.2","_nodeVersion":"8.4.0","_npmUser":{"name":"maxbrunsfeld","email":"maxbrunsfeld@gmail.com"},"dist":{"integrity":"sha512-WEQXmOzE01BNGSxqowRf19C/EVLSwVEfjdcA01QdGxlEh6u21H9ncReLdE9K735FSKLwSeAGIxhbdfy4Yl4+jg==","shasum":"11ae4f7fd4b14c13679cf0e3227547af1d5f8eba","tarball":"https://registry.npmjs.org/atom-select-list/-/atom-select-list-0.3.1.tgz"},"maintainers":[{"email":"bene@datakonstruktion.com","name":"ben3eee"},{"email":"ian.olsen@gmail.com","name":"iolsen"},{"email":"atom@github.com","name":"atom-team"},{"email":"maxbrunsfeld@gmail.com","name":"maxbrunsfeld"},{"email":"nathan@github.com","name":"nathansobo"},{"email":"as-cii@github.com","name":"as-cii"}],"_npmOperationalInternal":{"host":"s3://npm-registry-packages","tmp":"tmp/atom-select-list-0.3.1.tgz_1506970552784_0.5084651825018227"},"directories":{}},"0.3.2":{"name":"atom-select-list","version":"0.3.2","description":"A general-purpose select list for use in Atom packages","main":"./src/select-list-view.js","scripts":{"test":"atom --test test"},"author":"","license":"MIT","atomTestRunner":"atom-mocha-test-runner","devDependencies":{"atom-mocha-test-runner":"^0.3.0","sinon":"^2.1.0"},"dependencies":{"etch":"^0.12.6","fuzzaldrin":"^2.1.0"},"repository":{"type":"git","url":"git+https://github.com/atom/atom-select-list.git"},"gitHead":"cd745387961375cb914c647cfb6994531a758856","bugs":{"url":"https://github.com/atom/atom-select-list/issues"},"homepage":"https://github.com/atom/atom-select-list#readme","_id":"atom-select-list@0.3.2","_npmVersion":"5.4.2","_nodeVersion":"8.4.0","_npmUser":{"name":"maxbrunsfeld","email":"maxbrunsfeld@gmail.com"},"dist":{"integrity":"sha512-Rr44H2fLe/oNJKzlzMtVTHmSIPvrmPdVJkseF9KK5Tu9pENesmPD526nCesA2deV19GTmAlDNIsmACgeVI2GJw==","shasum":"0bc32e3430482c999586a57ce7cdd4f0493c8ffa","tarball":"https://registry.npmjs.org/atom-select-list/-/atom-select-list-0.3.2.tgz"},"maintainers":[{"email":"bene@datakonstruktion.com","name":"ben3eee"},{"email":"ian.olsen@gmail.com","name":"iolsen"},{"email":"atom@github.com","name":"atom-team"},{"email":"maxbrunsfeld@gmail.com","name":"maxbrunsfeld"},{"email":"nathan@github.com","name":"nathansobo"},{"email":"as-cii@github.com","name":"as-cii"}],"_npmOperationalInternal":{"host":"s3://npm-registry-packages","tmp":"tmp/atom-select-list-0.3.2.tgz_1506971956298_0.6255284596700221"},"directories":{}},"0.4.0":{"name":"atom-select-list","version":"0.4.0","description":"A general-purpose select list for use in Atom packages","main":"./src/select-list-view.js","scripts":{"test":"atom --test test"},"author":"","license":"MIT","atomTestRunner":"atom-mocha-test-runner","devDependencies":{"atom-mocha-test-runner":"^0.3.0","sinon":"^2.1.0"},"dependencies":{"etch":"^0.12.6","fuzzaldrin":"^2.1.0"},"repository":{"type":"git","url":"git+https://github.com/atom/atom-select-list.git"},"gitHead":"67a8f9da48002cda02a2740c6accd4c57ba951b8","bugs":{"url":"https://github.com/atom/atom-select-list/issues"},"homepage":"https://github.com/atom/atom-select-list#readme","_id":"atom-select-list@0.4.0","_npmVersion":"5.5.1","_nodeVersion":"7.10.0","_npmUser":{"name":"as-cii","email":"as-cii@github.com"},"dist":{"integrity":"sha512-YJOmI5PgYf6BlYVQIl7SMSRwPCSeyaqQGRbvStzwB4hIlIu7iTr5HERA5Tj7gBvmp9gz3dxHZXWd3u82SUIvfA==","shasum":"ce90c404f91ec5d18b25c546d21550adcb7cea30","tarball":"https://registry.npmjs.org/atom-select-list/-/atom-select-list-0.4.0.tgz"},"maintainers":[{"email":"bene@datakonstruktion.com","name":"ben3eee"},{"email":"ian.olsen@gmail.com","name":"iolsen"},{"email":"atom@github.com","name":"atom-team"},{"email":"maxbrunsfeld@gmail.com","name":"maxbrunsfeld"},{"email":"nathan@github.com","name":"nathansobo"},{"email":"as-cii@github.com","name":"as-cii"}],"_npmOperationalInternal":{"host":"s3://npm-registry-packages","tmp":"tmp/atom-select-list-0.4.0.tgz_1510645429180_0.8151968996971846"},"directories":{}},"0.5.0":{"name":"atom-select-list","version":"0.5.0","description":"A general-purpose select list for use in Atom packages","main":"./src/select-list-view.js","scripts":{"test":"atom --test test"},"author":"","license":"MIT","atomTestRunner":"atom-mocha-test-runner","devDependencies":{"atom-mocha-test-runner":"^0.3.0","sinon":"^2.1.0"},"dependencies":{"etch":"^0.12.6","fuzzaldrin":"^2.1.0"},"repository":{"type":"git","url":"git+https://github.com/atom/atom-select-list.git"},"gitHead":"9b0290f06b1611092c54470c9ad50136ef32f08b","bugs":{"url":"https://github.com/atom/atom-select-list/issues"},"homepage":"https://github.com/atom/atom-select-list#readme","_id":"atom-select-list@0.5.0","_npmVersion":"5.5.1","_nodeVersion":"7.10.0","_npmUser":{"name":"as-cii","email":"as-cii@github.com"},"dist":{"integrity":"sha512-3jC82lqq6SR1NRJoGf8ffyFyZCQixqOR5SCuG2xkcMazbYXNdNcPYKqwQxgufG7s1+FLE/EgxC+mz8VHpDn0mg==","shasum":"4dc8f7ddfd42c721612c965ac51fbcb015ff89d9","tarball":"https://registry.npmjs.org/atom-select-list/-/atom-select-list-0.5.0.tgz"},"maintainers":[{"email":"bene@datakonstruktion.com","name":"ben3eee"},{"email":"ian.olsen@gmail.com","name":"iolsen"},{"email":"atom@github.com","name":"atom-team"},{"email":"maxbrunsfeld@gmail.com","name":"maxbrunsfeld"},{"email":"nathan@github.com","name":"nathansobo"},{"email":"as-cii@github.com","name":"as-cii"}],"_npmOperationalInternal":{"host":"s3://npm-registry-packages","tmp":"tmp/atom-select-list-0.5.0.tgz_1510645710458_0.6239947020076215"},"directories":{}},"0.6.0":{"name":"atom-select-list","version":"0.6.0","description":"A general-purpose select list for use in Atom packages","main":"./src/select-list-view.js","scripts":{"test":"atom --test test"},"author":"","license":"MIT","atomTestRunner":"atom-mocha-test-runner","devDependencies":{"atom-mocha-test-runner":"^0.3.0","sinon":"^2.1.0"},"dependencies":{"etch":"^0.12.6","fuzzaldrin":"^2.1.0"},"repository":{"type":"git","url":"git+https://github.com/atom/atom-select-list.git"},"gitHead":"d903206aa286dabc7b955045f02ed11506c7ef47","bugs":{"url":"https://github.com/atom/atom-select-list/issues"},"homepage":"https://github.com/atom/atom-select-list#readme","_id":"atom-select-list@0.6.0","_npmVersion":"5.5.1","_nodeVersion":"7.10.0","_npmUser":{"name":"as-cii","email":"as-cii@github.com"},"dist":{"integrity":"sha512-jh6/XgtgmrXttM2yEQcVEk5Ett+FkEux8/295Rddr/drbM2OnICijFQHBG83owKxwE+zr+VSkA6CFVo7nEHXaQ==","shasum":"4092d5e869039c84351e4a21ea9770f632ffcbed","tarball":"https://registry.npmjs.org/atom-select-list/-/atom-select-list-0.6.0.tgz"},"maintainers":[{"email":"bene@datakonstruktion.com","name":"ben3eee"},{"email":"ian.olsen@gmail.com","name":"iolsen"},{"email":"atom@github.com","name":"atom-team"},{"email":"maxbrunsfeld@gmail.com","name":"maxbrunsfeld"},{"email":"nathan@github.com","name":"nathansobo"},{"email":"as-cii@github.com","name":"as-cii"}],"_npmOperationalInternal":{"host":"s3://npm-registry-packages","tmp":"tmp/atom-select-list-0.6.0.tgz_1511347235834_0.8178316808771342"},"directories":{}},"0.7.0":{"name":"atom-select-list","version":"0.7.0","description":"A general-purpose select list for use in Atom packages","main":"./src/select-list-view.js","scripts":{"test":"atom --test test"},"author":"","license":"MIT","atomTestRunner":"atom-mocha-test-runner","devDependencies":{"atom-mocha-test-runner":"^0.3.0","sinon":"^2.1.0"},"dependencies":{"etch":"^0.12.6","fuzzaldrin":"^2.1.0"},"repository":{"type":"git","url":"git+https://github.com/atom/atom-select-list.git"},"gitHead":"ee325e75833acc84af9f9c90aed30157e1816f36","bugs":{"url":"https://github.com/atom/atom-select-list/issues"},"homepage":"https://github.com/atom/atom-select-list#readme","_id":"atom-select-list@0.7.0","_npmVersion":"5.5.1","_nodeVersion":"8.4.0","_npmUser":{"name":"maxbrunsfeld","email":"maxbrunsfeld@gmail.com"},"dist":{"integrity":"sha512-iMkHj7TiUCmSSUX25WczVKnEcNfMG0BE1VmTdBtDwuTRBAtQDk15zfhZG6MlqmqrrQc5xkQ44tZIFFBrxRUUpQ==","shasum":"8b7a7781f4f6a9b3ba89772d1b481096241efbb1","tarball":"https://registry.npmjs.org/atom-select-list/-/atom-select-list-0.7.0.tgz"},"maintainers":[{"email":"bene@datakonstruktion.com","name":"ben3eee"},{"email":"ian.olsen@gmail.com","name":"iolsen"},{"email":"atom@github.com","name":"atom-team"},{"email":"maxbrunsfeld@gmail.com","name":"maxbrunsfeld"},{"email":"nathan@github.com","name":"nathansobo"},{"email":"as-cii@github.com","name":"as-cii"}],"_npmOperationalInternal":{"host":"s3://npm-registry-packages","tmp":"tmp/atom-select-list-0.7.0.tgz_1512150986981_0.00899585010483861"},"directories":{}},"0.7.1":{"name":"atom-select-list","version":"0.7.1","description":"A general-purpose select list for use in Atom packages","main":"./src/select-list-view.js","scripts":{"test":"atom --test test"},"author":"","license":"MIT","atomTestRunner":"atom-mocha-test-runner","devDependencies":{"atom-mocha-test-runner":"^0.3.0","sinon":"^2.1.0"},"dependencies":{"etch":"^0.12.6","fuzzaldrin":"^2.1.0"},"repository":{"type":"git","url":"git+https://github.com/atom/atom-select-list.git"},"gitHead":"3ec30a1e5c769795516ef63f7f209ccb3903a60b","bugs":{"url":"https://github.com/atom/atom-select-list/issues"},"homepage":"https://github.com/atom/atom-select-list#readme","_id":"atom-select-list@0.7.1","_shasum":"c1793b7d4666ddda2782b4c0bb6a07f7d1197fe3","_from":".","_npmVersion":"3.10.8","_nodeVersion":"6.9.1","_npmUser":{"name":"daviwil","email":"daviwil@github.com"},"dist":{"shasum":"c1793b7d4666ddda2782b4c0bb6a07f7d1197fe3","tarball":"https://registry.npmjs.org/atom-select-list/-/atom-select-list-0.7.1.tgz","fileCount":7,"unpackedSize":78392},"maintainers":[{"email":"as-cii@github.com","name":"as-cii"},{"email":"atom@github.com","name":"atom-team"},{"email":"bene@datakonstruktion.com","name":"ben3eee"},{"email":"daviwil@github.com","name":"daviwil"},{"email":"ian.olsen@gmail.com","name":"iolsen"},{"email":"maxbrunsfeld@gmail.com","name":"maxbrunsfeld"},{"email":"nathan@github.com","name":"nathansobo"}],"directories":{},"_npmOperationalInternal":{"host":"s3://npm-registry-packages","tmp":"tmp/atom-select-list_0.7.1_1519773882288_0.2542937793802065"}}},"readme":"# atom-select-list\n\nThis module is an [etch component](https://github.com/atom/etch) that can be used in Atom packages to show a select list with fuzzy filtering, keyboard/mouse navigation and other cool features.\n\n## Installation\n\n```bash\nnpm install --save atom-select-list\n```\n\n## Usage\n\nAfter installing the module, you can simply require it and use it as a standalone component:\n\n```js\nconst SelectList = require('atom-select-list')\n\nconst usersSelectList = new SelectList({\n  items: ['Alice', 'Bob', 'Carol']\n})\ndocument.body.appendChild(usersSelectList.element)\n```\n\nOr within another etch component:\n\n```jsx\nrender () {\n  return (\n    <SelectList items={this.items} />\n  )\n}\n```\n\n## API\n\nWhen creating a new instance of a select list, or when calling `update` on an existing one, you can supply a JavaScript object that can contain any of the following properties:\n\n* `items: [Object]`: an array containing the objects you want to show in the select list.\n* `elementForItem: (item: Object, options: Object) -> HTMLElement`: a function that is called whenever an item needs to be displayed.\n  * `options: Object`:\n    * `selected: Boolean`: indicating whether item is selected or not.\n    * `index: Number`: item's index.\n    * `visible: Boolean`: indicating whether item is visible in viewport or not. Unless `initiallyVisibleItemCount` was given, this value is always `true`.\n* (Optional) `maxResults: Number`: the number of maximum items that are shown.\n* (Optional) `filter: (items: [Object], query: String) -> [Object]`: a function that allows to decide which items to show whenever the query changes. By default, it uses [fuzzaldrin](https://github.com/atom/fuzzaldrin) to filter results.\n* (Optional) `filterKeyForItem: (item: Object) -> String`: when `filter` is not provided, this function will be called to retrieve a string property on each item and that will be used to filter them.\n* (Optional) `filterQuery: (query: String) -> String`: a function that allows to apply a transformation to the user query and whose return value will be used to filter items.\n* (Optional) `query: String`: a string that will replace the contents of the query editor.\n* (Optional) `selectQuery: Boolean`: a boolean indicating whether the query text should be selected or not.\n* (Optional) `order: (item1: Object, item2: Object) -> Number`: a function that allows to change the order in which items are shown.\n* (Optional) `emptyMessage: String`: a string shown when the list is empty.\n* (Optional) `errorMessage: String`: a string that needs to be set when you want to notify the user that an error occurred.\n* (Optional) `infoMessage: String`: a string that needs to be set when you want to provide some information to the user.\n* (Optional) `loadingMessage: String`: a string that needs to be set when you are loading items in the background.\n* (Optional) `loadingBadge: String/Number`: a string or number that needs to be set when the progress status changes (e.g. a percentage showing how many items have been loaded so far).\n* (Optional) `itemsClassList: [String]`: an array of strings that will be added as class names to the items element.\n* (Optional) `initialSelectionIndex: Number`: the index of the item to initially select and automatically select after query changes; defaults to 0.\n* (Optional) `didChangeQuery: (query: String) -> Void`: a function that is called when the query changes.\n* (Optional) `didChangeSelection: (item: Object) -> Void`: a function that is called when the selected item changes.\n* (Optional) `didConfirmSelection: (item: Object) -> Void`: a function that is called when the user clicks or presses enter on an item.\n* (Optional) `didConfirmEmptySelection: () -> Void`: a function that is called when the user presses <kbd>Enter</kbd> but the list is empty.\n* (Optional) `didCancelSelection: () -> Void`: a function that is called when the user presses <kbd>Esc</kbd> or the list loses focus.\n* (Optional) `initiallyVisibleItemCount: Number`: When this options was provided, `SelectList` observe visibility of items in viewport, visibility state is passed as `visible` option to `elementForItem`. This is mainly used to skip heavy computation for invisible items.\n","maintainers":[{"email":"as-cii@github.com","name":"as-cii"},{"email":"atom@github.com","name":"atom-team"},{"email":"bene@datakonstruktion.com","name":"ben3eee"},{"email":"daviwil@github.com","name":"daviwil"},{"email":"ian.olsen@gmail.com","name":"iolsen"},{"email":"maxbrunsfeld@gmail.com","name":"maxbrunsfeld"},{"email":"nathan@github.com","name":"nathansobo"}],"time":{"modified":"2018-02-27T23:24:43.355Z","created":"2016-11-22T13:53:07.525Z","0.0.1":"2016-11-22T13:53:07.525Z","0.0.2":"2016-11-22T14:04:29.177Z","0.0.3":"2016-11-22T15:51:18.346Z","0.0.4":"2016-11-22T15:56:33.268Z","0.0.5":"2016-11-28T15:09:26.608Z","0.0.6":"2016-12-02T18:57:02.396Z","0.0.7":"2016-12-14T18:20:59.272Z","0.0.8":"2017-01-26T12:39:54.675Z","0.0.9":"2017-01-26T12:49:38.116Z","0.0.10":"2017-01-26T12:53:07.160Z","0.0.11":"2017-01-26T14:43:27.107Z","0.0.12":"2017-02-03T08:37:34.955Z","0.0.13":"2017-02-03T09:39:41.672Z","0.0.14":"2017-02-20T14:20:45.982Z","0.0.15":"2017-02-27T10:13:38.328Z","0.0.16":"2017-02-28T09:37:36.847Z","0.1.0":"2017-03-22T07:35:31.068Z","0.2.0":"2017-03-26T15:14:23.457Z","0.3.0":"2017-09-05T19:38:57.347Z","0.3.1":"2017-10-02T18:55:52.867Z","0.3.2":"2017-10-02T19:19:16.358Z","0.4.0":"2017-11-14T07:43:49.252Z","0.5.0":"2017-11-14T07:48:31.299Z","0.6.0":"2017-11-22T10:40:36.792Z","0.7.0":"2017-12-01T17:56:27.598Z","0.7.1":"2018-02-27T23:24:42.451Z"},"license":"MIT","readmeFilename":"README.md","users":{"dunstontc":true},"homepage":"https://github.com/atom/atom-select-list#readme","repository":{"type":"git","url":"git+https://github.com/atom/atom-select-list.git"},"bugs":{"url":"https://github.com/atom/atom-select-list/issues"},"_attachments":{},"_etag":"W/\"bbb0b841ae88c72e5dc48e876f49debd\"","_lastModified":"Sat, 26 May 2018 01:12:22 GMT"}