{"_id":"is-upper-case","_rev":"12-e00f01abed10fdf77debb44b0568701c","name":"is-upper-case","description":"Check if a string is upper cased","dist-tags":{"latest":"1.1.2"},"versions":{"0.0.1":{"name":"is-upper-case","version":"0.0.1","description":"Check if a string is upper cased","main":"is-upper-case.js","scripts":{"test":"istanbul cover _mocha -- -R spec"},"repository":{"type":"git","url":"git://github.com/blakeembrey/is-upper-case.git"},"keywords":["cases","upper","uppercase","check"],"author":{"name":"Blake Embrey"},"license":"MIT","bugs":{"url":"https://github.com/blakeembrey/is-upper-case/issues"},"homepage":"https://github.com/blakeembrey/is-upper-case","devDependencies":{"istanbul":"^0.2.7","mocha":"^1.18.2"},"dependencies":{"upper-case":"0.0.1"},"_id":"is-upper-case@0.0.1","dist":{"shasum":"b8c294cbb23291899cd1e980605ed279946bc694","tarball":"https://registry.npmjs.org/is-upper-case/-/is-upper-case-0.0.1.tgz"},"_from":".","_npmVersion":"1.4.6","_npmUser":{"name":"blakeembrey","email":"hello@blakeembrey.com"},"maintainers":[{"name":"blakeembrey","email":"hello@blakeembrey.com"}],"directories":{}},"1.0.0":{"name":"is-upper-case","version":"1.0.0","description":"Check if a string is upper cased","main":"is-upper-case.js","scripts":{"test":"istanbul cover _mocha -- -R spec"},"repository":{"type":"git","url":"git://github.com/blakeembrey/is-upper-case.git"},"keywords":["cases","upper","uppercase","check"],"author":{"name":"Blake Embrey","email":"hello@blakeembrey.com","url":"http://blakeembrey.me"},"license":"MIT","bugs":{"url":"https://github.com/blakeembrey/is-upper-case/issues"},"homepage":"https://github.com/blakeembrey/is-upper-case","devDependencies":{"istanbul":"^0.3.0","mocha":"^1.18.2"},"dependencies":{"upper-case":"^1.0.0"},"gitHead":"8c3933c22ec677fe36fbc6d9d8ef8b8e7257a9e5","_id":"is-upper-case@1.0.0","_shasum":"4f810de03c6e400adf4f96be76242502edd43126","_from":".","_npmVersion":"1.4.14","_npmUser":{"name":"blakeembrey","email":"hello@blakeembrey.com"},"maintainers":[{"name":"blakeembrey","email":"hello@blakeembrey.com"}],"dist":{"shasum":"4f810de03c6e400adf4f96be76242502edd43126","tarball":"https://registry.npmjs.org/is-upper-case/-/is-upper-case-1.0.0.tgz"},"directories":{}},"1.0.1":{"name":"is-upper-case","version":"1.0.1","description":"Check if a string is upper cased","main":"is-upper-case.js","scripts":{"test":"istanbul cover _mocha -- -R spec"},"repository":{"type":"git","url":"git://github.com/blakeembrey/is-upper-case.git"},"keywords":["cases","upper","uppercase","check"],"author":{"name":"Blake Embrey","email":"hello@blakeembrey.com","url":"http://blakeembrey.me"},"license":"MIT","bugs":{"url":"https://github.com/blakeembrey/is-upper-case/issues"},"homepage":"https://github.com/blakeembrey/is-upper-case","devDependencies":{"istanbul":"^0.3.0","mocha":"^1.18.2"},"dependencies":{"upper-case":"^1.0.0"},"_id":"is-upper-case@1.0.1","_shasum":"5eec31efbf214062f8449094e2b38f70a190f1f2","_from":".","_npmVersion":"1.4.9","_npmUser":{"name":"blakeembrey","email":"hello@blakeembrey.com"},"maintainers":[{"name":"blakeembrey","email":"hello@blakeembrey.com"}],"dist":{"shasum":"5eec31efbf214062f8449094e2b38f70a190f1f2","tarball":"https://registry.npmjs.org/is-upper-case/-/is-upper-case-1.0.1.tgz"},"directories":{}},"1.1.0":{"name":"is-upper-case","version":"1.1.0","description":"Check if a string is upper cased","main":"is-upper-case.js","files":["is-upper-case.js","LICENSE"],"scripts":{"test":"istanbul cover _mocha -- -R spec"},"repository":{"type":"git","url":"git://github.com/blakeembrey/is-upper-case.git"},"keywords":["cases","upper","uppercase","check"],"author":{"name":"Blake Embrey","email":"hello@blakeembrey.com","url":"http://blakeembrey.me"},"license":"MIT","bugs":{"url":"https://github.com/blakeembrey/is-upper-case/issues"},"homepage":"https://github.com/blakeembrey/is-upper-case","devDependencies":{"istanbul":"^0.3.0","mocha":"^1.18.2","pre-commit":"0.0.9"},"dependencies":{"upper-case":"^1.1.0"},"gitHead":"89215f0c422d57b88fc23bf6d450ab15ce394273","_id":"is-upper-case@1.1.0","_shasum":"0115f7cb03fdb6d74857af79bdc9cff625b87809","_from":".","_npmVersion":"2.1.17","_nodeVersion":"0.11.14","_npmUser":{"name":"blakeembrey","email":"hello@blakeembrey.com"},"maintainers":[{"name":"blakeembrey","email":"hello@blakeembrey.com"}],"dist":{"shasum":"0115f7cb03fdb6d74857af79bdc9cff625b87809","tarball":"https://registry.npmjs.org/is-upper-case/-/is-upper-case-1.1.0.tgz"},"directories":{}},"1.1.1":{"name":"is-upper-case","version":"1.1.1","description":"Check if a string is upper cased","main":"is-upper-case.js","files":["is-upper-case.js","LICENSE"],"scripts":{"lint":"standard","test-std":"mocha -R spec --bail","test-cov":"istanbul cover node_modules/mocha/bin/_mocha -- -R spec --bail","test":"npm run lint && npm run test-cov"},"standard":{"ignore":["coverage/**","node_modules/**","bower_components/**"]},"repository":{"type":"git","url":"git://github.com/blakeembrey/is-upper-case.git"},"keywords":["cases","upper","uppercase","check"],"author":{"name":"Blake Embrey","email":"hello@blakeembrey.com","url":"http://blakeembrey.me"},"license":"MIT","bugs":{"url":"https://github.com/blakeembrey/is-upper-case/issues"},"homepage":"https://github.com/blakeembrey/is-upper-case","devDependencies":{"istanbul":"^0.3.0","mocha":"^1.18.2","pre-commit":"^1.0.2","standard":"^2.4.5"},"dependencies":{"upper-case":"^1.1.0"},"gitHead":"a3fb9676aacc67345761d1385f512b37aa5fcf26","_id":"is-upper-case@1.1.1","_shasum":"93c04a6e392d76e853ff88a4a12efe9511df22db","_from":".","_npmVersion":"1.4.28","_npmUser":{"name":"blakeembrey","email":"hello@blakeembrey.com"},"maintainers":[{"name":"blakeembrey","email":"hello@blakeembrey.com"}],"dist":{"shasum":"93c04a6e392d76e853ff88a4a12efe9511df22db","tarball":"https://registry.npmjs.org/is-upper-case/-/is-upper-case-1.1.1.tgz"},"directories":{}},"1.1.2":{"name":"is-upper-case","version":"1.1.2","description":"Check if a string is upper cased","main":"is-upper-case.js","typings":"is-upper-case.d.ts","files":["is-upper-case.js","is-upper-case.d.ts","LICENSE"],"scripts":{"lint":"standard","test-std":"mocha -R spec --bail","test-cov":"istanbul cover node_modules/mocha/bin/_mocha -- -R spec --bail","test":"npm run lint && npm run test-cov"},"standard":{"ignore":["coverage/**","node_modules/**","bower_components/**"]},"repository":{"type":"git","url":"git://github.com/blakeembrey/is-upper-case.git"},"keywords":["cases","upper","uppercase","check"],"author":{"name":"Blake Embrey","email":"hello@blakeembrey.com","url":"http://blakeembrey.me"},"license":"MIT","bugs":{"url":"https://github.com/blakeembrey/is-upper-case/issues"},"homepage":"https://github.com/blakeembrey/is-upper-case","devDependencies":{"istanbul":"^0.3.0","mocha":"^1.18.2","pre-commit":"^1.0.2","standard":"^2.4.5"},"dependencies":{"upper-case":"^1.1.0"},"gitHead":"ee6460fb590b22a49a0e25a3e2b901d35a795050","_id":"is-upper-case@1.1.2","_shasum":"8d0b1fa7e7933a1e58483600ec7d9661cbaf756f","_from":".","_npmVersion":"3.3.12","_nodeVersion":"5.2.0","_npmUser":{"name":"blakeembrey","email":"hello@blakeembrey.com"},"dist":{"shasum":"8d0b1fa7e7933a1e58483600ec7d9661cbaf756f","tarball":"https://registry.npmjs.org/is-upper-case/-/is-upper-case-1.1.2.tgz"},"maintainers":[{"name":"blakeembrey","email":"hello@blakeembrey.com"}],"directories":{}}},"readme":"# Is Upper Case\n\n[![NPM version][npm-image]][npm-url]\n[![NPM downloads][downloads-image]][downloads-url]\n[![Build status][travis-image]][travis-url]\n[![Test coverage][coveralls-image]][coveralls-url]\n\nCheck if a string is upper case.\n\n## Installation\n\n```\nnpm install is-upper-case --save\n```\n\n## Usage\n\n```js\nvar isUpperCase = require('is-upper-case')\n\nisUpperCase('STRING') //=> true\nisUpperCase('String') //=> false\nisUpperCase('string') //=> false\n```\n\n## Typings\n\nIncludes a [TypeScript definition](is-upper-case.d.ts).\n\n## License\n\nMIT\n\n[npm-image]: https://img.shields.io/npm/v/is-upper-case.svg?style=flat\n[npm-url]: https://npmjs.org/package/is-upper-case\n[downloads-image]: https://img.shields.io/npm/dm/is-upper-case.svg?style=flat\n[downloads-url]: https://npmjs.org/package/is-upper-case\n[travis-image]: https://img.shields.io/travis/blakeembrey/is-upper-case.svg?style=flat\n[travis-url]: https://travis-ci.org/blakeembrey/is-upper-case\n[coveralls-image]: https://img.shields.io/coveralls/blakeembrey/is-upper-case.svg?style=flat\n[coveralls-url]: https://coveralls.io/r/blakeembrey/is-upper-case?branch=master\n","maintainers":[{"name":"blakeembrey","email":"hello@blakeembrey.com"}],"time":{"modified":"2017-05-12T21:41:05.149Z","created":"2014-04-25T08:14:52.132Z","0.0.1":"2014-04-25T08:14:52.132Z","1.0.0":"2014-08-17T19:10:23.049Z","1.0.1":"2014-08-23T21:46:01.874Z","1.1.0":"2015-01-12T07:47:13.747Z","1.1.1":"2015-02-08T06:52:40.688Z","1.1.2":"2015-12-16T00:21:58.545Z"},"homepage":"https://github.com/blakeembrey/is-upper-case","keywords":["cases","upper","uppercase","check"],"repository":{"type":"git","url":"git://github.com/blakeembrey/is-upper-case.git"},"author":{"name":"Blake Embrey","email":"hello@blakeembrey.com","url":"http://blakeembrey.me"},"bugs":{"url":"https://github.com/blakeembrey/is-upper-case/issues"},"license":"MIT","readmeFilename":"README.md","users":{"rocket0191":true},"_attachments":{},"_etag":"W/\"bdd3a9e719abf548aadde4fc29268c3b\"","_lastModified":"Sat, 26 May 2018 12:53:12 GMT"}