{"_id":"etch","_rev":"50-e069dddb8d11082c922ec4ad64ad5c82","name":"etch","description":"Perform virtual DOM updates based on changes to a data model.","dist-tags":{"latest":"0.14.0"},"versions":{"0.0.1":{"name":"etch","version":"0.0.1","description":"Perform virtual DOM updates based on changes to a data model.","main":"dist/index.js","scripts":{"test":"npm run standard && node_modules/.bin/electron-mocha --renderer --recursive ./test/helpers/register-babel  test","tdd":"npm run standard && node_modules/.bin/electron-mocha --renderer --interactive --recursive ./test/helpers/register-babel  test","prepublish":"npm run standard && npm run clean && npm run build","standard":"standard src test","build":"babel src --out-dir dist","clean":"rm -rf dist"},"repository":{"type":"git","url":"git+https://github.com/nathansobo/etch.git"},"keywords":["virtual-dom dom view element custom-elements dom-diff atom electron"],"author":{"name":"Nathan Sobo","email":"nathan@github.com"},"license":"MIT","bugs":{"url":"https://github.com/nathansobo/etch/issues"},"homepage":"https://github.com/nathansobo/etch","devDependencies":{"babel":"^5.0.0","babel-eslint":"^4.0.5","chai":"^2.0.0","electron-mocha":"git://github.com/nathansobo/electron-mocha.git#interactive-option","electron-prebuilt":"^0.30.1","mocha":"^2.1.0","sinon":"^1.12.2","sinon-chai":"^2.7.0","standard":"^4.5.4"},"dependencies":{"data-observer":"0.0.3","event-kit":"^1.2.0","virtual-dom":"^2.0.1"},"standard":{"parser":"babel-eslint"},"gitHead":"e06eb2055ba47b650dcfbba9709990525c02fcc8","_id":"etch@0.0.1","_shasum":"90940f4bd5802e96cdb54c8cf715aeffb20ce39b","_from":".","_npmVersion":"2.11.3","_nodeVersion":"0.12.7","_npmUser":{"name":"nathansobo","email":"nathan@github.com"},"maintainers":[{"name":"nathansobo","email":"nathan@github.com"}],"dist":{"shasum":"90940f4bd5802e96cdb54c8cf715aeffb20ce39b","tarball":"https://registry.npmjs.org/etch/-/etch-0.0.1.tgz"},"directories":{}},"0.0.2":{"name":"etch","version":"0.0.2","description":"Perform virtual DOM updates based on changes to a data model.","main":"dist/index.js","scripts":{"test":"npm run standard && node_modules/.bin/electron-mocha --renderer --recursive ./test/helpers/register-babel  test","tdd":"npm run standard && node_modules/.bin/electron-mocha --renderer --interactive --recursive ./test/helpers/register-babel  test","prepublish":"npm run standard && npm run clean && npm run build","standard":"standard src test","build":"babel src --out-dir dist","clean":"rm -rf dist"},"repository":{"type":"git","url":"git+https://github.com/nathansobo/etch.git"},"keywords":["virtual-dom dom view element custom-elements dom-diff atom electron"],"author":{"name":"Nathan Sobo","email":"nathan@github.com"},"license":"MIT","bugs":{"url":"https://github.com/nathansobo/etch/issues"},"homepage":"https://github.com/nathansobo/etch","devDependencies":{"babel":"^5.0.0","babel-eslint":"^4.0.5","chai":"^2.0.0","electron-mocha":"git://github.com/nathansobo/electron-mocha.git#interactive-option","electron-prebuilt":"^0.30.1","mocha":"^2.1.0","sinon":"^1.12.2","sinon-chai":"^2.7.0","standard":"^4.5.4"},"dependencies":{"data-observer":"0.0.3","event-kit":"^1.2.0","virtual-dom":"^2.0.1"},"standard":{"parser":"babel-eslint"},"gitHead":"c41bde0b5357273557563b4348672de9366c58c5","_id":"etch@0.0.2","_shasum":"068305d868fb436af279f662951716a8fbf77d31","_from":".","_npmVersion":"2.11.3","_nodeVersion":"0.12.7","_npmUser":{"name":"nathansobo","email":"nathan@github.com"},"maintainers":[{"name":"nathansobo","email":"nathan@github.com"}],"dist":{"shasum":"068305d868fb436af279f662951716a8fbf77d31","tarball":"https://registry.npmjs.org/etch/-/etch-0.0.2.tgz"},"directories":{}},"0.0.3":{"name":"etch","version":"0.0.3","description":"Perform virtual DOM updates based on changes to a data model.","main":"dist/index.js","scripts":{"test":"npm run standard && node_modules/.bin/electron-mocha --renderer --recursive ./test/helpers/register-babel  test","tdd":"npm run standard && node_modules/.bin/electron-mocha --renderer --interactive --recursive ./test/helpers/register-babel  test","prepublish":"npm run standard && npm run clean && npm run build","standard":"standard src test","build":"babel src --out-dir dist","clean":"rm -rf dist"},"repository":{"type":"git","url":"git+https://github.com/nathansobo/etch.git"},"keywords":["virtual-dom dom view element custom-elements dom-diff atom electron"],"author":{"name":"Nathan Sobo","email":"nathan@github.com"},"license":"MIT","bugs":{"url":"https://github.com/nathansobo/etch/issues"},"homepage":"https://github.com/nathansobo/etch","devDependencies":{"babel":"^5.0.0","babel-eslint":"^4.0.5","chai":"^2.0.0","electron-mocha":"git://github.com/nathansobo/electron-mocha.git#interactive-option","electron-prebuilt":"^0.30.1","mocha":"^2.1.0","sinon":"^1.12.2","sinon-chai":"^2.7.0","standard":"^4.5.4"},"dependencies":{"data-observer":"0.0.3","event-kit":"^1.2.0","virtual-dom":"^2.0.1"},"standard":{"parser":"babel-eslint"},"gitHead":"8ddfd8785cbf578c31dffd7489a82b226dc33317","_id":"etch@0.0.3","_shasum":"c515c110516457fdaad53c5620f34be3611ae843","_from":".","_npmVersion":"2.11.3","_nodeVersion":"0.12.7","_npmUser":{"name":"nathansobo","email":"nathan@github.com"},"maintainers":[{"name":"nathansobo","email":"nathan@github.com"}],"dist":{"shasum":"c515c110516457fdaad53c5620f34be3611ae843","tarball":"https://registry.npmjs.org/etch/-/etch-0.0.3.tgz"},"directories":{}},"0.0.4":{"name":"etch","version":"0.0.4","description":"Perform virtual DOM updates based on changes to a data model.","main":"dist/index.js","scripts":{"test":"npm run standard && node_modules/.bin/electron-mocha --renderer --recursive ./test/helpers/register-babel  test","tdd":"npm run standard && node_modules/.bin/electron-mocha --renderer --interactive --recursive ./test/helpers/register-babel  test","prepublish":"npm run standard && npm run clean && npm run build","standard":"standard src test","build":"babel src --out-dir dist","clean":"rm -rf dist"},"repository":{"type":"git","url":"git+https://github.com/nathansobo/etch.git"},"keywords":["virtual-dom dom view element custom-elements dom-diff atom electron"],"author":{"name":"Nathan Sobo","email":"nathan@github.com"},"license":"MIT","bugs":{"url":"https://github.com/nathansobo/etch/issues"},"homepage":"https://github.com/nathansobo/etch","devDependencies":{"babel":"^5.0.0","babel-eslint":"^4.0.5","chai":"^2.0.0","electron-mocha":"git://github.com/nathansobo/electron-mocha.git#interactive-option","electron-prebuilt":"^0.30.1","mocha":"^2.1.0","sinon":"^1.12.2","sinon-chai":"^2.7.0","standard":"^4.5.4"},"dependencies":{"data-observer":"0.0.3","event-kit":"^1.2.0","virtual-dom":"^2.0.1"},"standard":{"parser":"babel-eslint"},"gitHead":"1eb338ff3ec7aa391dff8661e295a3013b5a200e","_id":"etch@0.0.4","_shasum":"7b50d6c81ef8058320dcc65decf404c9dacd4211","_from":".","_npmVersion":"2.11.3","_nodeVersion":"0.12.7","_npmUser":{"name":"nathansobo","email":"nathan@github.com"},"maintainers":[{"name":"nathansobo","email":"nathan@github.com"}],"dist":{"shasum":"7b50d6c81ef8058320dcc65decf404c9dacd4211","tarball":"https://registry.npmjs.org/etch/-/etch-0.0.4.tgz"},"directories":{}},"0.0.5":{"name":"etch","version":"0.0.5","description":"Perform virtual DOM updates based on changes to a data model.","main":"dist/index.js","scripts":{"test":"npm run standard && node_modules/.bin/electron-mocha --renderer --recursive ./test/helpers/register-babel  test","tdd":"npm run standard && node_modules/.bin/electron-mocha --renderer --interactive --recursive ./test/helpers/register-babel  test","prepublish":"npm run standard && npm run clean && npm run build","standard":"standard src test","build":"babel src --out-dir dist","clean":"rm -rf dist"},"repository":{"type":"git","url":"git+https://github.com/nathansobo/etch.git"},"keywords":["virtual-dom dom view element custom-elements dom-diff atom electron"],"author":{"name":"Nathan Sobo","email":"nathan@github.com"},"license":"MIT","bugs":{"url":"https://github.com/nathansobo/etch/issues"},"homepage":"https://github.com/nathansobo/etch","devDependencies":{"babel":"^5.0.0","babel-eslint":"^4.0.5","chai":"^2.0.0","electron-mocha":"git://github.com/nathansobo/electron-mocha.git#interactive-option","electron-prebuilt":"^0.30.1","mocha":"^2.1.0","sinon":"^1.12.2","sinon-chai":"^2.7.0","standard":"^4.5.4"},"dependencies":{"data-observer":"0.0.3","event-kit":"^1.2.0","virtual-dom":"^2.0.1"},"standard":{"parser":"babel-eslint"},"gitHead":"e6c65ecd2d63005b4cc83511b28365a98d235f31","_id":"etch@0.0.5","_shasum":"5899a9654d42ac8781e1665ae2a2108601b626ae","_from":".","_npmVersion":"2.11.3","_nodeVersion":"0.12.7","_npmUser":{"name":"nathansobo","email":"nathan@github.com"},"maintainers":[{"name":"nathansobo","email":"nathan@github.com"}],"dist":{"shasum":"5899a9654d42ac8781e1665ae2a2108601b626ae","tarball":"https://registry.npmjs.org/etch/-/etch-0.0.5.tgz"},"directories":{}},"0.0.6":{"name":"etch","version":"0.0.6","description":"Perform virtual DOM updates based on changes to a data model.","main":"dist/index.js","scripts":{"test":"npm run standard && node_modules/.bin/electron-mocha --renderer --recursive ./test/helpers/register-babel  test","tdd":"npm run standard && node_modules/.bin/electron-mocha --renderer --interactive --recursive ./test/helpers/register-babel  test","prepublish":"npm run standard && npm run clean && npm run build","standard":"standard src test","build":"babel src --out-dir dist","clean":"rm -rf dist"},"repository":{"type":"git","url":"git+https://github.com/nathansobo/etch.git"},"keywords":["virtual-dom dom view element custom-elements dom-diff atom electron"],"author":{"name":"Nathan Sobo","email":"nathan@github.com"},"license":"MIT","bugs":{"url":"https://github.com/nathansobo/etch/issues"},"homepage":"https://github.com/nathansobo/etch","devDependencies":{"babel":"^5.0.0","babel-eslint":"^4.0.5","chai":"^2.0.0","electron-mocha":"git://github.com/nathansobo/electron-mocha.git#interactive-option","electron-prebuilt":"^0.30.1","mocha":"^2.1.0","sinon":"^1.12.2","sinon-chai":"^2.7.0","standard":"^4.5.4"},"dependencies":{"data-observer":"0.0.3","event-kit":"^1.2.0","virtual-dom":"^2.0.1"},"standard":{"parser":"babel-eslint"},"gitHead":"852d1e11618db70130f742eb0dbd465278243483","_id":"etch@0.0.6","_shasum":"c353ad5130a287b86e88b8fa7c5ac6c9496481d8","_from":".","_npmVersion":"2.11.3","_nodeVersion":"0.12.7","_npmUser":{"name":"nathansobo","email":"nathan@github.com"},"maintainers":[{"name":"nathansobo","email":"nathan@github.com"}],"dist":{"shasum":"c353ad5130a287b86e88b8fa7c5ac6c9496481d8","tarball":"https://registry.npmjs.org/etch/-/etch-0.0.6.tgz"},"directories":{}},"0.0.7":{"name":"etch","version":"0.0.7","description":"Perform virtual DOM updates based on changes to a data model.","main":"dist/index.js","scripts":{"test":"npm run standard && node_modules/.bin/electron-mocha --renderer --recursive ./test/helpers/register-babel  test","tdd":"npm run standard && node_modules/.bin/electron-mocha --renderer --interactive --recursive ./test/helpers/register-babel  test","prepublish":"npm run standard && npm run clean && npm run build","standard":"standard src test","build":"babel src --out-dir dist","clean":"rm -rf dist"},"repository":{"type":"git","url":"git+https://github.com/nathansobo/etch.git"},"keywords":["virtual-dom dom view element custom-elements dom-diff atom electron"],"author":{"name":"Nathan Sobo","email":"nathan@github.com"},"license":"MIT","bugs":{"url":"https://github.com/nathansobo/etch/issues"},"homepage":"https://github.com/nathansobo/etch","devDependencies":{"babel":"^5.0.0","babel-eslint":"^4.0.5","chai":"^2.0.0","electron-mocha":"git://github.com/nathansobo/electron-mocha.git#interactive-option","electron-prebuilt":"^0.30.1","mocha":"^2.1.0","sinon":"^1.12.2","sinon-chai":"^2.7.0","standard":"^4.5.4"},"dependencies":{"virtual-dom":"^2.0.1"},"standard":{"parser":"babel-eslint"},"gitHead":"166e1cee839874f40a68075a3c4d39cefad9bc5c","_id":"etch@0.0.7","_shasum":"efdf14f6c55ff8dd1c52618d448867f8e41dcd60","_from":".","_npmVersion":"2.11.3","_nodeVersion":"0.12.7","_npmUser":{"name":"nathansobo","email":"nathan@github.com"},"maintainers":[{"name":"nathansobo","email":"nathan@github.com"}],"dist":{"shasum":"efdf14f6c55ff8dd1c52618d448867f8e41dcd60","tarball":"https://registry.npmjs.org/etch/-/etch-0.0.7.tgz"},"directories":{}},"0.1.0":{"name":"etch","version":"0.1.0","description":"Perform virtual DOM updates based on changes to a data model.","main":"dist/index.js","scripts":{"test":"npm run standard && node_modules/.bin/electron-mocha --renderer --recursive ./test/helpers/register-babel  test","tdd":"npm run standard && node_modules/.bin/electron-mocha --renderer --interactive --recursive ./test/helpers/register-babel  test","prepublish":"npm run standard && npm run clean && npm run build","standard":"standard --recursive src test","build":"babel src --out-dir dist","clean":"rm -rf dist"},"repository":{"type":"git","url":"git+https://github.com/nathansobo/etch.git"},"keywords":["virtual-dom dom view element custom-elements dom-diff atom electron"],"author":{"name":"Nathan Sobo","email":"nathan@github.com"},"license":"MIT","bugs":{"url":"https://github.com/nathansobo/etch/issues"},"homepage":"https://github.com/nathansobo/etch","devDependencies":{"babel":"^5.0.0","babel-eslint":"^4.0.5","chai":"^2.0.0","electron-mocha":"git://github.com/nathansobo/electron-mocha.git#interactive-option","electron-prebuilt":"^0.30.1","mocha":"^2.1.0","standard":"^4.5.4"},"dependencies":{"virtual-dom":"^2.0.1"},"standard":{"parser":"babel-eslint","global":["describe","it","expect"]},"gitHead":"ddcd55049c5100aef5ee2368adfe84f18735da16","_id":"etch@0.1.0","_shasum":"0653a791faf906201800fe660b41600d614565e3","_from":".","_npmVersion":"2.11.3","_nodeVersion":"0.12.7","_npmUser":{"name":"nathansobo","email":"nathan@github.com"},"dist":{"shasum":"0653a791faf906201800fe660b41600d614565e3","tarball":"https://registry.npmjs.org/etch/-/etch-0.1.0.tgz"},"maintainers":[{"name":"nathansobo","email":"nathan@github.com"}],"directories":{}},"0.2.0":{"name":"etch","version":"0.2.0","description":"Perform virtual DOM updates based on changes to a data model.","main":"dist/index.js","scripts":{"test":"npm run standard && node_modules/.bin/electron-mocha --renderer --recursive ./test/helpers/register-babel  test","tdd":"npm run standard && node_modules/.bin/electron-mocha --renderer --interactive --recursive ./test/helpers/register-babel  test","prepublish":"npm run standard && npm run clean && npm run build","standard":"standard --recursive src test","build":"babel src --out-dir dist","clean":"rm -rf dist"},"repository":{"type":"git","url":"git+https://github.com/nathansobo/etch.git"},"keywords":["virtual-dom dom view element custom-elements dom-diff atom electron"],"author":{"name":"Nathan Sobo","email":"nathan@github.com"},"license":"MIT","bugs":{"url":"https://github.com/nathansobo/etch/issues"},"homepage":"https://github.com/nathansobo/etch","devDependencies":{"babel":"^5.0.0","babel-eslint":"^4.0.5","chai":"^2.0.0","electron-mocha":"git://github.com/nathansobo/electron-mocha.git#interactive-option","electron-prebuilt":"^0.30.1","mocha":"^2.1.0","standard":"^4.5.4"},"dependencies":{"virtual-dom":"^2.0.1"},"standard":{"parser":"babel-eslint","global":["describe","it","expect"]},"gitHead":"b11e4e117cd47e6b3b4cee111a78f772660ce52a","_id":"etch@0.2.0","_shasum":"026cec60f3d66e228a6bf821e2ce924187de713f","_from":".","_npmVersion":"3.3.8","_nodeVersion":"4.2.1","_npmUser":{"name":"nathansobo","email":"nathan@github.com"},"dist":{"shasum":"026cec60f3d66e228a6bf821e2ce924187de713f","tarball":"https://registry.npmjs.org/etch/-/etch-0.2.0.tgz"},"maintainers":[{"name":"nathansobo","email":"nathan@github.com"}],"_npmOperationalInternal":{"host":"packages-9-west.internal.npmjs.com","tmp":"tmp/etch-0.2.0.tgz_1456267071164_0.20654743164777756"},"directories":{}},"0.3.0":{"name":"etch","version":"0.3.0","description":"Perform virtual DOM updates based on changes to a data model.","main":"dist/index.js","scripts":{"test":"npm run standard && node_modules/.bin/electron-mocha --renderer --recursive ./test/helpers/register-babel  test","tdd":"npm run standard && node_modules/.bin/electron-mocha --renderer --interactive --recursive ./test/helpers/register-babel  test","prepublish":"npm run standard && npm run clean && npm run build","standard":"standard --recursive src test","build":"babel src --out-dir dist","clean":"rm -rf dist"},"repository":{"type":"git","url":"git+https://github.com/nathansobo/etch.git"},"keywords":["virtual-dom dom view element custom-elements dom-diff atom electron"],"author":{"name":"Nathan Sobo","email":"nathan@github.com"},"license":"MIT","bugs":{"url":"https://github.com/nathansobo/etch/issues"},"homepage":"https://github.com/nathansobo/etch","devDependencies":{"babel":"^5.0.0","babel-eslint":"^4.0.5","chai":"^2.0.0","electron-mocha":"git://github.com/nathansobo/electron-mocha.git#interactive-option","electron-prebuilt":"^0.30.1","mocha":"^2.1.0","standard":"^4.5.4"},"dependencies":{"virtual-dom":"^2.0.1"},"standard":{"parser":"babel-eslint","global":["describe","it","expect"]},"gitHead":"20e11dc445035bd51745396ffb288b10bc2b3753","_id":"etch@0.3.0","_shasum":"538f55041797b95787a8fb578b43b15e9b2f0a7d","_from":".","_npmVersion":"3.3.12","_nodeVersion":"5.1.0","_npmUser":{"name":"joshaber","email":"joshaber@gmail.com"},"dist":{"shasum":"538f55041797b95787a8fb578b43b15e9b2f0a7d","tarball":"https://registry.npmjs.org/etch/-/etch-0.3.0.tgz"},"maintainers":[{"name":"joshaber","email":"joshaber@gmail.com"},{"name":"nathansobo","email":"nathan@github.com"}],"_npmOperationalInternal":{"host":"packages-12-west.internal.npmjs.com","tmp":"tmp/etch-0.3.0.tgz_1457539370967_0.44198205787688494"},"directories":{}},"0.4.0":{"name":"etch","version":"0.4.0","description":"Perform virtual DOM updates based on changes to a data model.","main":"dist/index.js","scripts":{"test":"npm run standard && node_modules/.bin/electron-mocha --renderer --recursive ./test/helpers/register-babel  test","tdd":"npm run standard && node_modules/.bin/electron-mocha --renderer --interactive --recursive ./test/helpers/register-babel  test","prepublish":"npm run standard && npm run clean && npm run build","standard":"standard --recursive src test","build":"babel src --out-dir dist","clean":"rm -rf dist"},"repository":{"type":"git","url":"git+https://github.com/nathansobo/etch.git"},"keywords":["virtual-dom dom view element custom-elements dom-diff atom electron"],"author":{"name":"Nathan Sobo","email":"nathan@github.com"},"license":"MIT","bugs":{"url":"https://github.com/nathansobo/etch/issues"},"homepage":"https://github.com/nathansobo/etch","devDependencies":{"babel":"^5.0.0","babel-eslint":"^4.0.5","chai":"^2.0.0","electron-mocha":"git://github.com/nathansobo/electron-mocha.git#interactive-option","electron-prebuilt":"^0.30.1","mocha":"^2.1.0","standard":"^4.5.4"},"dependencies":{"virtual-dom":"^2.0.1"},"standard":{"parser":"babel-eslint","global":["describe","it","expect"]},"gitHead":"137cad437261220e3ed852740cea7383e90b5293","_id":"etch@0.4.0","_shasum":"8f51dc00284f323af14bfdf89344c5785a4985c1","_from":".","_npmVersion":"3.8.2","_nodeVersion":"4.3.1","_npmUser":{"name":"nathansobo","email":"nathan@github.com"},"dist":{"shasum":"8f51dc00284f323af14bfdf89344c5785a4985c1","tarball":"https://registry.npmjs.org/etch/-/etch-0.4.0.tgz"},"maintainers":[{"name":"atom","email":"nathan@github.com"},{"name":"joshaber","email":"joshaber@gmail.com"},{"name":"nathansobo","email":"nathan@github.com"}],"_npmOperationalInternal":{"host":"packages-16-east.internal.npmjs.com","tmp":"tmp/etch-0.4.0.tgz_1460992002193_0.7388794757425785"},"directories":{}},"0.5.0":{"name":"etch","version":"0.5.0","description":"Perform virtual DOM updates based on changes to a data model.","main":"dist/index.js","scripts":{"test":"npm run standard && node_modules/.bin/electron-mocha --renderer --recursive ./test/helpers/register-babel  test","tdd":"npm run standard && node_modules/.bin/electron-mocha --renderer --interactive --recursive ./test/helpers/register-babel  test","prepublish":"npm run standard && npm run clean && npm run build","standard":"standard --recursive src test","build":"babel src --out-dir dist","clean":"rm -rf dist"},"repository":{"type":"git","url":"git+https://github.com/atom/etch.git"},"keywords":["virtual-dom dom view element custom-elements dom-diff atom electron"],"author":{"name":"Nathan Sobo","email":"nathan@github.com"},"license":"MIT","bugs":{"url":"https://github.com/atom/etch/issues"},"homepage":"https://github.com/atom/etch","devDependencies":{"babel":"^5.0.0","babel-eslint":"^4.0.5","chai":"^2.0.0","electron-mocha":"git://github.com/nathansobo/electron-mocha.git#interactive-option","electron-prebuilt":"^0.30.1","mocha":"^2.1.0","standard":"^4.5.4"},"dependencies":{"virtual-dom":"^2.0.1"},"standard":{"parser":"babel-eslint","global":["describe","it","expect"]},"gitHead":"1cdef507cb7039f3df2ac9d49ee7358602aed61c","_id":"etch@0.5.0","_shasum":"852b84925eba4f0bcf55549d80116d06bf576eec","_from":".","_npmVersion":"3.8.2","_nodeVersion":"4.3.1","_npmUser":{"name":"nathansobo","email":"nathan@github.com"},"dist":{"shasum":"852b84925eba4f0bcf55549d80116d06bf576eec","tarball":"https://registry.npmjs.org/etch/-/etch-0.5.0.tgz"},"maintainers":[{"name":"atom","email":"nathan@github.com"},{"name":"joshaber","email":"joshaber@gmail.com"},{"name":"nathansobo","email":"nathan@github.com"}],"_npmOperationalInternal":{"host":"packages-12-west.internal.npmjs.com","tmp":"tmp/etch-0.5.0.tgz_1461207035026_0.4702495941892266"},"directories":{}},"0.6.0":{"name":"etch","version":"0.6.0","description":"Perform virtual DOM updates based on changes to a data model.","main":"dist/index.js","scripts":{"test":"npm run standard && node_modules/.bin/electron-mocha --renderer --recursive ./test/helpers/register-babel  test","tdd":"npm run standard && node_modules/.bin/electron-mocha --renderer --interactive --recursive ./test/helpers/register-babel  test","prepublish":"npm run standard && npm run clean && npm run build","standard":"standard --recursive src test","build":"babel src --out-dir dist","clean":"rm -rf dist"},"repository":{"type":"git","url":"git+https://github.com/atom/etch.git"},"keywords":["virtual-dom dom view element custom-elements dom-diff atom electron"],"author":{"name":"Nathan Sobo","email":"nathan@github.com"},"license":"MIT","bugs":{"url":"https://github.com/atom/etch/issues"},"homepage":"https://github.com/atom/etch","devDependencies":{"babel":"^5.0.0","babel-eslint":"^4.0.5","chai":"^2.0.0","electron-mocha":"git://github.com/nathansobo/electron-mocha.git#interactive-option","electron-prebuilt":"^0.30.1","mocha":"^2.1.0","standard":"^4.5.4"},"dependencies":{"virtual-dom":"^2.0.1"},"standard":{"parser":"babel-eslint","global":["describe","it","expect"]},"gitHead":"5e8ce25b64fdf86cd9025042ee9f268590e27e9f","_id":"etch@0.6.0","_shasum":"cfc0c0862f97211d83ad46f83ea042080ad14a82","_from":".","_npmVersion":"3.6.0","_nodeVersion":"5.6.0","_npmUser":{"name":"binarymuse","email":"michelle@michelletilley.net"},"dist":{"shasum":"cfc0c0862f97211d83ad46f83ea042080ad14a82","tarball":"https://registry.npmjs.org/etch/-/etch-0.6.0.tgz"},"maintainers":[{"name":"atom","email":"nathan@github.com"},{"name":"binarymuse","email":"michelle@michelletilley.net"},{"name":"joshaber","email":"joshaber@gmail.com"},{"name":"nathansobo","email":"nathan@github.com"}],"_npmOperationalInternal":{"host":"packages-16-east.internal.npmjs.com","tmp":"tmp/etch-0.6.0.tgz_1461610802724_0.8748563795816153"},"directories":{}},"0.6.1":{"name":"etch","version":"0.6.1","description":"Perform virtual DOM updates based on changes to a data model.","main":"dist/index.js","scripts":{"test":"npm run standard && npm run mocha","mocha":"devtool --quit --console node_modules/.bin/_mocha --colors --recursive ./test/helpers/register-babel test","tdd":"npm run standard && node_modules/.bin/electron-mocha --renderer --interactive --recursive ./test/helpers/register-babel  test","prepublish":"npm run standard && npm run clean && npm run build","standard":"standard --recursive src test && echo Linting passed","build":"babel src --out-dir dist","clean":"rm -rf dist"},"repository":{"type":"git","url":"git+https://github.com/atom/etch.git"},"keywords":["virtual-dom dom view element custom-elements dom-diff atom electron"],"author":{"name":"Nathan Sobo","email":"nathan@github.com"},"license":"MIT","bugs":{"url":"https://github.com/atom/etch/issues"},"homepage":"https://github.com/atom/etch","devDependencies":{"babel":"^5.0.0","babel-eslint":"^4.0.5","chai":"^2.0.0","devtool":"^1.9.1","electron-mocha":"git://github.com/nathansobo/electron-mocha.git#interactive-option","electron-prebuilt":"^0.30.1","mocha":"^2.1.0","standard":"^4.5.4"},"dependencies":{"virtual-dom":"^2.0.1"},"standard":{"parser":"babel-eslint","global":["describe","it","expect"]},"gitHead":"49ce6b8d0fc7d819bff9cb1300d35ccbac06b9e2","_id":"etch@0.6.1","_shasum":"b841d076dba5461712a1cf5446333340d9c19300","_from":".","_npmVersion":"3.10.5","_nodeVersion":"4.3.1","_npmUser":{"name":"nathansobo","email":"nathan@github.com"},"dist":{"shasum":"b841d076dba5461712a1cf5446333340d9c19300","tarball":"https://registry.npmjs.org/etch/-/etch-0.6.1.tgz"},"maintainers":[{"name":"atom","email":"nathan@github.com"},{"name":"binarymuse","email":"michelle@michelletilley.net"},{"name":"joshaber","email":"joshaber@gmail.com"},{"name":"nathansobo","email":"nathan@github.com"}],"_npmOperationalInternal":{"host":"packages-16-east.internal.npmjs.com","tmp":"tmp/etch-0.6.1.tgz_1469720213115_0.04229508223943412"},"directories":{}},"0.6.2":{"name":"etch","version":"0.6.2","description":"Perform virtual DOM updates based on changes to a data model.","main":"dist/index.js","scripts":{"test":"npm run standard && npm run mocha","mocha":"devtool --quit --console node_modules/.bin/_mocha --colors --recursive ./test/helpers/register-babel test","tdd":"npm run standard && node_modules/.bin/electron-mocha --renderer --interactive --recursive ./test/helpers/register-babel  test","prepublish":"npm run standard && npm run clean && npm run build","standard":"standard --recursive src test && echo Linting passed","build":"babel src --out-dir dist","clean":"rm -rf dist"},"repository":{"type":"git","url":"git+https://github.com/atom/etch.git"},"keywords":["virtual-dom dom view element custom-elements dom-diff atom electron"],"author":{"name":"Nathan Sobo","email":"nathan@github.com"},"license":"MIT","bugs":{"url":"https://github.com/atom/etch/issues"},"homepage":"https://github.com/atom/etch","devDependencies":{"babel":"^5.0.0","babel-eslint":"^4.0.5","chai":"^2.0.0","devtool":"^1.9.1","electron-mocha":"git://github.com/nathansobo/electron-mocha.git#interactive-option","electron-prebuilt":"^0.30.1","mocha":"^2.1.0","standard":"^4.5.4"},"dependencies":{"virtual-dom":"^2.0.1"},"standard":{"parser":"babel-eslint","global":["describe","it","expect"]},"gitHead":"f4d183ffa6a44c7fe4974ee1e9d22b3824c4906b","_id":"etch@0.6.2","_shasum":"c52a9565dfcfb9d9d723a765a66cd19128c0704d","_from":".","_npmVersion":"3.10.5","_nodeVersion":"4.3.1","_npmUser":{"name":"nathansobo","email":"nathan@github.com"},"dist":{"shasum":"c52a9565dfcfb9d9d723a765a66cd19128c0704d","tarball":"https://registry.npmjs.org/etch/-/etch-0.6.2.tgz"},"maintainers":[{"name":"atom","email":"nathan@github.com"},{"name":"binarymuse","email":"michelle@michelletilley.net"},{"name":"joshaber","email":"joshaber@gmail.com"},{"name":"nathansobo","email":"nathan@github.com"}],"_npmOperationalInternal":{"host":"packages-16-east.internal.npmjs.com","tmp":"tmp/etch-0.6.2.tgz_1469724035374_0.07776274206116796"},"directories":{}},"0.6.3":{"name":"etch","version":"0.6.3","description":"Perform virtual DOM updates based on changes to a data model.","main":"dist/index.js","scripts":{"test":"npm run standard && npm run mocha","mocha":"devtool --quit --console node_modules/.bin/_mocha --colors --recursive ./test/helpers/register-babel test","tdd":"npm run standard && node_modules/.bin/electron-mocha --renderer --interactive --recursive ./test/helpers/register-babel  test","prepublish":"npm run standard && npm run clean && npm run build","standard":"standard --recursive src test && echo Linting passed","build":"babel src --out-dir dist","clean":"rm -rf dist"},"repository":{"type":"git","url":"git+https://github.com/atom/etch.git"},"keywords":["virtual-dom dom view element custom-elements dom-diff atom electron"],"author":{"name":"Nathan Sobo","email":"nathan@github.com"},"license":"MIT","bugs":{"url":"https://github.com/atom/etch/issues"},"homepage":"https://github.com/atom/etch","devDependencies":{"babel":"^5.0.0","babel-eslint":"^4.0.5","chai":"^2.0.0","devtool":"^1.9.1","electron-mocha":"git://github.com/nathansobo/electron-mocha.git#interactive-option","electron-prebuilt":"^0.30.1","mocha":"^2.1.0","standard":"^4.5.4"},"dependencies":{"virtual-dom":"^2.0.1"},"standard":{"parser":"babel-eslint","global":["describe","it","expect"]},"gitHead":"83468ea86869ca84c5e70fee7f4c1e54fd002bf2","_id":"etch@0.6.3","_shasum":"8c91fe02b1da087635d7baaafc8ee021c7a9e4e5","_from":".","_npmVersion":"3.9.5","_nodeVersion":"6.2.0","_npmUser":{"name":"binarymuse","email":"michelle@michelletilley.net"},"dist":{"shasum":"8c91fe02b1da087635d7baaafc8ee021c7a9e4e5","tarball":"https://registry.npmjs.org/etch/-/etch-0.6.3.tgz"},"maintainers":[{"name":"atom","email":"nathan@github.com"},{"name":"binarymuse","email":"michelle@michelletilley.net"},{"name":"joshaber","email":"joshaber@gmail.com"},{"name":"nathansobo","email":"nathan@github.com"}],"_npmOperationalInternal":{"host":"packages-16-east.internal.npmjs.com","tmp":"tmp/etch-0.6.3.tgz_1471480607402_0.23544920003041625"},"directories":{}},"0.7.0":{"name":"etch","version":"0.7.0","description":"Perform virtual DOM updates based on changes to a data model.","main":"dist/index.js","scripts":{"test":"npm run standard && npm run mocha","mocha":"devtool --quit --console node_modules/.bin/_mocha --colors --recursive ./test/helpers/register-babel test","tdd":"npm run standard && node_modules/.bin/electron-mocha --renderer --interactive --recursive ./test/helpers/register-babel  test","prepublish":"npm run standard && npm run clean && npm run build","standard":"standard --recursive src test && echo Linting passed","build":"babel src --out-dir dist","clean":"rm -rf dist"},"repository":{"type":"git","url":"git+https://github.com/atom/etch.git"},"keywords":["virtual-dom dom view element custom-elements dom-diff atom electron"],"author":{"name":"Nathan Sobo","email":"nathan@github.com"},"license":"MIT","bugs":{"url":"https://github.com/atom/etch/issues"},"homepage":"https://github.com/atom/etch","devDependencies":{"babel":"^5.0.0","babel-eslint":"^4.0.5","chai":"^2.0.0","devtool":"^1.9.1","electron-mocha":"git://github.com/nathansobo/electron-mocha.git#interactive-option","electron-prebuilt":"^0.30.1","mocha":"^2.1.0","standard":"^4.5.4"},"dependencies":{"virtual-dom":"^2.0.1"},"standard":{"parser":"babel-eslint","global":["describe","it","expect"]},"gitHead":"68e559ea2a87ce259041a77d923991866cf6f215","_id":"etch@0.7.0","_shasum":"46132dd8c31a608b2a59c1684a358b1c9e2468ed","_from":".","_npmVersion":"3.10.5","_nodeVersion":"4.3.1","_npmUser":{"name":"nathansobo","email":"nathan@github.com"},"dist":{"shasum":"46132dd8c31a608b2a59c1684a358b1c9e2468ed","tarball":"https://registry.npmjs.org/etch/-/etch-0.7.0.tgz"},"maintainers":[{"name":"atom","email":"nathan@github.com"},{"name":"binarymuse","email":"michelle@michelletilley.net"},{"name":"joshaber","email":"joshaber@gmail.com"},{"name":"nathansobo","email":"nathan@github.com"}],"_npmOperationalInternal":{"host":"packages-16-east.internal.npmjs.com","tmp":"tmp/etch-0.7.0.tgz_1473255081711_0.6282101224642247"},"directories":{}},"0.7.1":{"name":"etch","version":"0.7.1","description":"Perform virtual DOM updates based on changes to a data model.","main":"dist/index.js","scripts":{"test":"npm run standard && npm run mocha","mocha":"devtool --quit --console node_modules/.bin/_mocha --colors --recursive ./test/helpers/register-babel test","tdd":"npm run standard && node_modules/.bin/electron-mocha --renderer --interactive --recursive ./test/helpers/register-babel  test","prepublish":"npm run standard && npm run clean && npm run build","standard":"standard --recursive src test && echo Linting passed","build":"babel src --out-dir dist","clean":"rm -rf dist"},"repository":{"type":"git","url":"git+https://github.com/atom/etch.git"},"keywords":["virtual-dom dom view element custom-elements dom-diff atom electron"],"author":{"name":"Nathan Sobo","email":"nathan@github.com"},"license":"MIT","bugs":{"url":"https://github.com/atom/etch/issues"},"homepage":"https://github.com/atom/etch","devDependencies":{"babel":"^5.0.0","babel-eslint":"^4.0.5","chai":"^2.0.0","devtool":"^1.9.1","electron-mocha":"git://github.com/nathansobo/electron-mocha.git#interactive-option","electron-prebuilt":"^0.30.1","mocha":"^2.1.0","standard":"^4.5.4"},"dependencies":{"virtual-dom":"^2.0.1"},"standard":{"parser":"babel-eslint","global":["describe","it","expect"]},"gitHead":"3bd51618a76dc47f1bef970eddfb9e2accf916c1","_id":"etch@0.7.1","_shasum":"0e57999252f19fbd7afc413195845d5baf785113","_from":".","_npmVersion":"3.10.5","_nodeVersion":"4.3.1","_npmUser":{"name":"nathansobo","email":"nathan@github.com"},"dist":{"shasum":"0e57999252f19fbd7afc413195845d5baf785113","tarball":"https://registry.npmjs.org/etch/-/etch-0.7.1.tgz"},"maintainers":[{"name":"atom","email":"nathan@github.com"},{"name":"binarymuse","email":"michelle@michelletilley.net"},{"name":"joshaber","email":"joshaber@gmail.com"},{"name":"nathansobo","email":"nathan@github.com"}],"_npmOperationalInternal":{"host":"packages-16-east.internal.npmjs.com","tmp":"tmp/etch-0.7.1.tgz_1473255340757_0.06266459473408759"},"directories":{}},"0.7.2":{"name":"etch","version":"0.7.2","description":"Perform virtual DOM updates based on changes to a data model.","main":"dist/index.js","scripts":{"test":"npm run standard && npm run mocha","mocha":"devtool --quit --console node_modules/.bin/_mocha --colors --recursive ./test/helpers/register-babel test","tdd":"npm run standard && node_modules/.bin/electron-mocha --renderer --interactive --recursive ./test/helpers/register-babel  test","prepublish":"npm run standard && npm run clean && npm run build","standard":"standard --recursive src test && echo Linting passed","build":"babel src --out-dir dist","clean":"rm -rf dist"},"repository":{"type":"git","url":"git+https://github.com/atom/etch.git"},"keywords":["virtual-dom dom view element custom-elements dom-diff atom electron"],"author":{"name":"Nathan Sobo","email":"nathan@github.com"},"license":"MIT","bugs":{"url":"https://github.com/atom/etch/issues"},"homepage":"https://github.com/atom/etch","devDependencies":{"babel":"^5.0.0","babel-eslint":"^4.0.5","chai":"^2.0.0","devtool":"^1.9.1","electron-mocha":"git://github.com/nathansobo/electron-mocha.git#interactive-option","electron-prebuilt":"^0.30.1","mocha":"^2.1.0","standard":"^4.5.4"},"dependencies":{"virtual-dom":"^2.0.1"},"standard":{"parser":"babel-eslint","global":["describe","it","expect"]},"gitHead":"acbd5efe447f10e784b9dd659513c08d281b1c6f","_id":"etch@0.7.2","_shasum":"97e5da6c0af6f778ea2cea76deda984fd720350c","_from":".","_npmVersion":"3.10.5","_nodeVersion":"4.3.1","_npmUser":{"name":"nathansobo","email":"nathan@github.com"},"dist":{"shasum":"97e5da6c0af6f778ea2cea76deda984fd720350c","tarball":"https://registry.npmjs.org/etch/-/etch-0.7.2.tgz"},"maintainers":[{"name":"atom","email":"nathan@github.com"},{"name":"binarymuse","email":"michelle@michelletilley.net"},{"name":"joshaber","email":"joshaber@gmail.com"},{"name":"nathansobo","email":"nathan@github.com"}],"_npmOperationalInternal":{"host":"packages-16-east.internal.npmjs.com","tmp":"tmp/etch-0.7.2.tgz_1475789739451_0.39624191471375525"},"directories":{}},"0.8.0":{"name":"etch","version":"0.8.0","description":"Perform virtual DOM updates based on changes to a data model.","main":"dist/index.js","scripts":{"test":"npm run standard && npm run mocha","mocha":"devtool --quit --console node_modules/.bin/_mocha --colors --recursive ./test/helpers/register-babel test","tdd":"npm run standard && node_modules/.bin/electron-mocha --renderer --interactive --recursive ./test/helpers/register-babel  test","prepublish":"npm run standard && npm run clean && npm run build","standard":"standard --recursive src test && echo Linting passed","build":"babel src --out-dir dist","clean":"rm -rf dist"},"repository":{"type":"git","url":"git+https://github.com/atom/etch.git"},"keywords":["virtual-dom dom view element custom-elements dom-diff atom electron"],"author":{"name":"Nathan Sobo","email":"nathan@github.com"},"license":"MIT","bugs":{"url":"https://github.com/atom/etch/issues"},"homepage":"https://github.com/atom/etch","devDependencies":{"babel":"^5.0.0","babel-eslint":"^4.0.5","chai":"^2.0.0","devtool":"^1.9.1","electron-mocha":"git://github.com/nathansobo/electron-mocha.git#interactive-option","electron-prebuilt":"^0.30.1","mocha":"^2.1.0","standard":"^4.5.4"},"dependencies":{"virtual-dom":"^2.0.1"},"standard":{"parser":"babel-eslint","global":["describe","it","expect"]},"gitHead":"f19e7e59d412318bc9bfbe92d49557f20270daa6","_id":"etch@0.8.0","_shasum":"54f619574346f8a3ee7973f54fbbd01b562722d6","_from":".","_npmVersion":"3.10.5","_nodeVersion":"4.3.1","_npmUser":{"name":"nathansobo","email":"nathan@github.com"},"dist":{"shasum":"54f619574346f8a3ee7973f54fbbd01b562722d6","tarball":"https://registry.npmjs.org/etch/-/etch-0.8.0.tgz"},"maintainers":[{"name":"atom","email":"nathan@github.com"},{"name":"binarymuse","email":"michelle@michelletilley.net"},{"name":"joshaber","email":"joshaber@gmail.com"},{"name":"nathansobo","email":"nathan@github.com"}],"_npmOperationalInternal":{"host":"packages-16-east.internal.npmjs.com","tmp":"tmp/etch-0.8.0.tgz_1476740576962_0.5479579968377948"},"directories":{}},"0.9.0":{"name":"etch","version":"0.9.0","description":"Perform virtual DOM updates based on changes to a data model.","main":"lib/index.js","scripts":{"test":"npm run standard && npm run mocha","mocha":"electron-mocha --renderer --recursive ./test/helpers/register-babel test","tdd":"npm run standard && node_modules/.bin/electron-mocha --renderer --interactive --recursive ./test/helpers/register-babel  test","prepublish":"npm run standard","standard":"standard --recursive lib test && echo Linting passed"},"repository":{"type":"git","url":"git+https://github.com/atom/etch.git"},"keywords":["virtual-dom dom view element custom-elements dom-diff atom electron"],"author":{"name":"Nathan Sobo","email":"nathan@github.com"},"license":"MIT","bugs":{"url":"https://github.com/atom/etch/issues"},"homepage":"https://github.com/atom/etch","devDependencies":{"babel":"^5.8.33","babel-eslint":"^4.1.6","chai":"^3.5.0","electron":"1.3.13","electron-mocha":"3.3.0","estraverse-fb":"^1.3.1","mocha":"^3.1.2","random-seed":"^0.3.0","standard":"^8.5.0"},"standard":{"parser":"babel-eslint","global":["beforeEach","describe","it","expect","requestAnimationFrame","SVGSVGElement"]},"gitHead":"acb9439c31ac3b868a7614da0437a853657ec06d","_id":"etch@0.9.0","_shasum":"09226988f2cee0690bdf208ccb25e414d5dfad5f","_from":".","_npmVersion":"3.10.8","_nodeVersion":"6.9.1","_npmUser":{"name":"as-cii","email":"as-cii@github.com"},"dist":{"shasum":"09226988f2cee0690bdf208ccb25e414d5dfad5f","tarball":"https://registry.npmjs.org/etch/-/etch-0.9.0.tgz"},"maintainers":[{"name":"as-cii","email":"as-cii@github.com"},{"name":"atom","email":"nathan@github.com"},{"name":"binarymuse","email":"michelle@michelletilley.net"},{"name":"joshaber","email":"joshaber@gmail.com"},{"name":"nathansobo","email":"nathan@github.com"}],"_npmOperationalInternal":{"host":"packages-18-east.internal.npmjs.com","tmp":"tmp/etch-0.9.0.tgz_1488185003188_0.5229505095630884"},"directories":{}},"0.9.2":{"name":"etch","version":"0.9.2","description":"Perform virtual DOM updates based on changes to a data model.","main":"lib/index.js","scripts":{"test":"npm run standard && npm run mocha","mocha":"electron-mocha --renderer --recursive ./test/helpers/register-babel test","tdd":"npm run standard && node_modules/.bin/electron-mocha --renderer --interactive --recursive ./test/helpers/register-babel  test","prepublish":"npm run standard","standard":"standard --recursive lib test && echo Linting passed"},"repository":{"type":"git","url":"git+https://github.com/atom/etch.git"},"keywords":["virtual-dom dom view element custom-elements dom-diff atom electron"],"author":{"name":"Nathan Sobo","email":"nathan@github.com"},"license":"MIT","bugs":{"url":"https://github.com/atom/etch/issues"},"homepage":"https://github.com/atom/etch","devDependencies":{"babel":"^5.8.33","babel-eslint":"^4.1.6","chai":"^3.5.0","electron":"1.3.13","electron-mocha":"3.3.0","estraverse-fb":"^1.3.1","mocha":"^3.1.2","random-seed":"^0.3.0","standard":"^8.5.0"},"standard":{"parser":"babel-eslint","global":["beforeEach","describe","it","expect","requestAnimationFrame","SVGSVGElement"]},"gitHead":"c7345eac5512661fef70fc41e9d93b4772abb4bb","_id":"etch@0.9.2","_shasum":"860a54bea06ee9e0b726f9e84d688fe0ee62cc1a","_from":".","_npmVersion":"3.10.8","_nodeVersion":"6.9.1","_npmUser":{"name":"nathansobo","email":"nathan@github.com"},"dist":{"shasum":"860a54bea06ee9e0b726f9e84d688fe0ee62cc1a","tarball":"https://registry.npmjs.org/etch/-/etch-0.9.2.tgz"},"maintainers":[{"name":"as-cii","email":"as-cii@github.com"},{"name":"atom","email":"nathan@github.com"},{"name":"binarymuse","email":"michelle@michelletilley.net"},{"name":"joshaber","email":"joshaber@gmail.com"},{"name":"nathansobo","email":"nathan@github.com"}],"_npmOperationalInternal":{"host":"packages-18-east.internal.npmjs.com","tmp":"tmp/etch-0.9.2.tgz_1488459412712_0.9030655033420771"},"directories":{}},"0.9.3":{"name":"etch","version":"0.9.3","description":"Perform virtual DOM updates based on changes to a data model.","main":"lib/index.js","scripts":{"test":"npm run standard && npm run mocha","mocha":"electron-mocha --renderer --recursive ./test/helpers/register-babel test","tdd":"npm run standard && node_modules/.bin/electron-mocha --renderer --interactive --recursive ./test/helpers/register-babel  test","prepublish":"npm run standard","standard":"standard --recursive lib test && echo Linting passed"},"repository":{"type":"git","url":"git+https://github.com/atom/etch.git"},"keywords":["virtual-dom dom view element custom-elements dom-diff atom electron"],"author":{"name":"Nathan Sobo","email":"nathan@github.com"},"license":"MIT","bugs":{"url":"https://github.com/atom/etch/issues"},"homepage":"https://github.com/atom/etch","devDependencies":{"babel":"^5.8.33","babel-eslint":"^4.1.6","chai":"^3.5.0","electron":"1.3.13","electron-mocha":"3.3.0","estraverse-fb":"^1.3.1","mocha":"^3.1.2","random-seed":"^0.3.0","standard":"^8.5.0"},"standard":{"parser":"babel-eslint","global":["beforeEach","describe","it","expect","requestAnimationFrame","SVGSVGElement"]},"gitHead":"75feb2c8d85706b4ef7e0928b72c12d9da1035e1","_id":"etch@0.9.3","_shasum":"daec52995bf613503d6b92b41f54a2eaa12e322b","_from":".","_npmVersion":"3.10.8","_nodeVersion":"6.9.1","_npmUser":{"name":"nathansobo","email":"nathan@github.com"},"dist":{"shasum":"daec52995bf613503d6b92b41f54a2eaa12e322b","tarball":"https://registry.npmjs.org/etch/-/etch-0.9.3.tgz"},"maintainers":[{"name":"as-cii","email":"as-cii@github.com"},{"name":"atom","email":"nathan@github.com"},{"name":"binarymuse","email":"michelle@michelletilley.net"},{"name":"joshaber","email":"joshaber@gmail.com"},{"name":"nathansobo","email":"nathan@github.com"}],"_npmOperationalInternal":{"host":"packages-18-east.internal.npmjs.com","tmp":"tmp/etch-0.9.3.tgz_1488940484628_0.4916135990060866"},"directories":{}},"0.9.4":{"name":"etch","version":"0.9.4","description":"Perform virtual DOM updates based on changes to a data model.","main":"lib/index.js","scripts":{"test":"npm run standard && npm run mocha","mocha":"electron-mocha --renderer --recursive ./test/helpers/register-babel test","tdd":"npm run standard && node_modules/.bin/electron-mocha --renderer --interactive --recursive ./test/helpers/register-babel  test","prepublish":"npm run standard","standard":"standard --recursive lib test && echo Linting passed"},"repository":{"type":"git","url":"git+https://github.com/atom/etch.git"},"keywords":["virtual-dom dom view element custom-elements dom-diff atom electron"],"author":{"name":"Nathan Sobo","email":"nathan@github.com"},"license":"MIT","bugs":{"url":"https://github.com/atom/etch/issues"},"homepage":"https://github.com/atom/etch","devDependencies":{"babel":"^5.8.33","babel-eslint":"^4.1.6","chai":"^3.5.0","electron":"1.3.13","electron-mocha":"3.3.0","estraverse-fb":"^1.3.1","mocha":"^3.1.2","random-seed":"^0.3.0","standard":"^8.5.0"},"standard":{"parser":"babel-eslint","global":["beforeEach","describe","it","expect","requestAnimationFrame","SVGSVGElement"]},"gitHead":"59d4b5fc1cdaf7bf5ae28d3cc8b8d82176ff0972","_id":"etch@0.9.4","_shasum":"371fa1685fe63e62310c16e17fa771a68a90f3e0","_from":".","_npmVersion":"3.10.8","_nodeVersion":"6.9.1","_npmUser":{"name":"nathansobo","email":"nathan@github.com"},"dist":{"shasum":"371fa1685fe63e62310c16e17fa771a68a90f3e0","tarball":"https://registry.npmjs.org/etch/-/etch-0.9.4.tgz"},"maintainers":[{"name":"as-cii","email":"as-cii@github.com"},{"name":"atom","email":"nathan@github.com"},{"name":"binarymuse","email":"michelle@michelletilley.net"},{"name":"joshaber","email":"joshaber@gmail.com"},{"name":"nathansobo","email":"nathan@github.com"}],"_npmOperationalInternal":{"host":"packages-18-east.internal.npmjs.com","tmp":"tmp/etch-0.9.4.tgz_1488942868658_0.3955218675546348"},"directories":{}},"0.9.5":{"name":"etch","version":"0.9.5","description":"Perform virtual DOM updates based on changes to a data model.","main":"lib/index.js","scripts":{"test":"npm run standard && npm run mocha","mocha":"electron-mocha --renderer --recursive ./test/helpers/register-babel test","tdd":"npm run standard && node_modules/.bin/electron-mocha --renderer --interactive --recursive ./test/helpers/register-babel  test","prepublish":"npm run standard","standard":"standard --recursive lib test && echo Linting passed"},"repository":{"type":"git","url":"git+https://github.com/atom/etch.git"},"keywords":["virtual-dom dom view element custom-elements dom-diff atom electron"],"author":{"name":"Nathan Sobo","email":"nathan@github.com"},"license":"MIT","bugs":{"url":"https://github.com/atom/etch/issues"},"homepage":"https://github.com/atom/etch","devDependencies":{"babel":"^5.8.33","babel-eslint":"^4.1.6","chai":"^3.5.0","electron":"1.3.13","electron-mocha":"3.3.0","estraverse-fb":"^1.3.1","mocha":"^3.1.2","random-seed":"^0.3.0","standard":"^8.5.0"},"standard":{"parser":"babel-eslint","global":["beforeEach","describe","it","expect","requestAnimationFrame","SVGSVGElement"]},"gitHead":"ecb48d336f26ecbeaae5f306bf895def834ee22a","_id":"etch@0.9.5","_shasum":"6c92b7f63000525b9797de23e3b41e109a688fbc","_from":".","_npmVersion":"3.10.8","_nodeVersion":"6.9.1","_npmUser":{"name":"nathansobo","email":"nathan@github.com"},"dist":{"shasum":"6c92b7f63000525b9797de23e3b41e109a688fbc","tarball":"https://registry.npmjs.org/etch/-/etch-0.9.5.tgz"},"maintainers":[{"name":"as-cii","email":"as-cii@github.com"},{"name":"atom","email":"nathan@github.com"},{"name":"binarymuse","email":"michelle@michelletilley.net"},{"name":"joshaber","email":"joshaber@gmail.com"},{"name":"nathansobo","email":"nathan@github.com"}],"_npmOperationalInternal":{"host":"packages-18-east.internal.npmjs.com","tmp":"tmp/etch-0.9.5.tgz_1488943638336_0.4877506708726287"},"directories":{}},"0.10.0":{"name":"etch","version":"0.10.0","description":"Perform virtual DOM updates based on changes to a data model.","main":"lib/index.js","scripts":{"test":"npm run standard && npm run mocha","mocha":"electron-mocha --renderer --recursive ./test/helpers/register-babel test","tdd":"npm run standard && node_modules/.bin/electron-mocha --renderer --interactive --recursive ./test/helpers/register-babel  test","prepublish":"npm run standard","standard":"standard --recursive lib test && echo Linting passed"},"repository":{"type":"git","url":"git+https://github.com/atom/etch.git"},"keywords":["virtual-dom dom view element custom-elements dom-diff atom electron"],"author":{"name":"Nathan Sobo","email":"nathan@github.com"},"license":"MIT","bugs":{"url":"https://github.com/atom/etch/issues"},"homepage":"https://github.com/atom/etch","devDependencies":{"babel":"^5.8.33","babel-eslint":"^4.1.6","chai":"^3.5.0","electron":"1.3.13","electron-mocha":"3.3.0","estraverse-fb":"^1.3.1","mocha":"^3.1.2","random-seed":"^0.3.0","standard":"^8.5.0"},"standard":{"parser":"babel-eslint","global":["beforeEach","describe","it","expect","requestAnimationFrame","SVGSVGElement"]},"gitHead":"e11ef022880c58c696662c2bca0f5ca799741d86","_id":"etch@0.10.0","_shasum":"5ed8b49db953a36b3f51fcad092b9681e24906b0","_from":".","_npmVersion":"3.10.8","_nodeVersion":"6.9.1","_npmUser":{"name":"nathansobo","email":"nathan@github.com"},"dist":{"shasum":"5ed8b49db953a36b3f51fcad092b9681e24906b0","tarball":"https://registry.npmjs.org/etch/-/etch-0.10.0.tgz"},"maintainers":[{"name":"as-cii","email":"as-cii@github.com"},{"name":"atom","email":"nathan@github.com"},{"name":"binarymuse","email":"michelle@michelletilley.net"},{"name":"joshaber","email":"joshaber@gmail.com"},{"name":"nathansobo","email":"nathan@github.com"}],"_npmOperationalInternal":{"host":"packages-12-west.internal.npmjs.com","tmp":"tmp/etch-0.10.0.tgz_1489548132314_0.13955756183713675"},"directories":{}},"0.11.0":{"name":"etch","version":"0.11.0","description":"Perform virtual DOM updates based on changes to a data model.","main":"lib/index.js","scripts":{"test":"npm run standard && npm run mocha","mocha":"electron-mocha --renderer --recursive ./test/helpers/register-babel test","tdd":"npm run standard && node_modules/.bin/electron-mocha --renderer --interactive --recursive ./test/helpers/register-babel  test","prepublish":"npm run standard","standard":"standard --recursive lib test && echo Linting passed"},"repository":{"type":"git","url":"git+https://github.com/atom/etch.git"},"keywords":["virtual-dom dom view element custom-elements dom-diff atom electron"],"author":{"name":"Nathan Sobo","email":"nathan@github.com"},"license":"MIT","bugs":{"url":"https://github.com/atom/etch/issues"},"homepage":"https://github.com/atom/etch","devDependencies":{"babel":"^5.8.33","babel-eslint":"^4.1.6","chai":"^3.5.0","electron":"1.3.13","electron-mocha":"3.3.0","estraverse-fb":"^1.3.1","mocha":"^3.1.2","random-seed":"^0.3.0","standard":"^8.5.0"},"standard":{"parser":"babel-eslint","global":["beforeEach","describe","it","expect","requestAnimationFrame","SVGSVGElement"]},"gitHead":"3f13a6f40b702b8e55813d7e9d207a34f843a512","_id":"etch@0.11.0","_shasum":"f7570f538cf3e7d9afd916ddb97833283599a0ef","_from":".","_npmVersion":"3.10.8","_nodeVersion":"6.9.1","_npmUser":{"name":"nathansobo","email":"nathan@github.com"},"dist":{"shasum":"f7570f538cf3e7d9afd916ddb97833283599a0ef","tarball":"https://registry.npmjs.org/etch/-/etch-0.11.0.tgz"},"maintainers":[{"name":"as-cii","email":"as-cii@github.com"},{"name":"atom","email":"nathan@github.com"},{"name":"binarymuse","email":"michelle@michelletilley.net"},{"name":"joshaber","email":"joshaber@gmail.com"},{"name":"nathansobo","email":"nathan@github.com"}],"_npmOperationalInternal":{"host":"packages-18-east.internal.npmjs.com","tmp":"tmp/etch-0.11.0.tgz_1490275599125_0.4108798666857183"},"directories":{}},"0.12.0":{"name":"etch","version":"0.12.0","description":"Perform virtual DOM updates based on changes to a data model.","main":"lib/index.js","scripts":{"test":"npm run standard && npm run mocha","mocha":"electron-mocha --renderer --recursive ./test/helpers/register-babel test","tdd":"npm run standard && node_modules/.bin/electron-mocha --renderer --interactive --recursive ./test/helpers/register-babel  test","prepublish":"npm run standard","standard":"standard --recursive lib test && echo Linting passed"},"repository":{"type":"git","url":"git+https://github.com/atom/etch.git"},"keywords":["virtual-dom dom view element custom-elements dom-diff atom electron"],"author":{"name":"Nathan Sobo","email":"nathan@github.com"},"license":"MIT","bugs":{"url":"https://github.com/atom/etch/issues"},"homepage":"https://github.com/atom/etch","devDependencies":{"babel":"^5.8.33","babel-eslint":"^4.1.6","chai":"^3.5.0","electron":"1.3.13","electron-mocha":"3.3.0","estraverse-fb":"^1.3.1","mocha":"^3.1.2","random-seed":"^0.3.0","standard":"^8.5.0"},"standard":{"parser":"babel-eslint","global":["beforeEach","describe","it","expect","requestAnimationFrame","SVGSVGElement"]},"gitHead":"82138c2b0d2f12b9f9ec239240d47f7586dbd744","_id":"etch@0.12.0","_shasum":"b0f09962ca742e7841da95838534a64f2fde7bdb","_from":".","_npmVersion":"3.10.8","_nodeVersion":"6.9.1","_npmUser":{"name":"nathansobo","email":"nathan@github.com"},"dist":{"shasum":"b0f09962ca742e7841da95838534a64f2fde7bdb","tarball":"https://registry.npmjs.org/etch/-/etch-0.12.0.tgz"},"maintainers":[{"name":"as-cii","email":"as-cii@github.com"},{"name":"atom","email":"nathan@github.com"},{"name":"binarymuse","email":"michelle@michelletilley.net"},{"name":"joshaber","email":"joshaber@gmail.com"},{"name":"nathansobo","email":"nathan@github.com"}],"_npmOperationalInternal":{"host":"packages-12-west.internal.npmjs.com","tmp":"tmp/etch-0.12.0.tgz_1490808913250_0.35001281881704926"},"directories":{}},"0.12.1":{"name":"etch","version":"0.12.1","description":"Perform virtual DOM updates based on changes to a data model.","main":"lib/index.js","scripts":{"test":"npm run standard && npm run mocha","mocha":"electron-mocha --renderer --recursive ./test/helpers/register-babel test","tdd":"npm run standard && node_modules/.bin/electron-mocha --renderer --interactive --recursive ./test/helpers/register-babel  test","prepublish":"npm run standard","standard":"standard --recursive lib test && echo Linting passed"},"repository":{"type":"git","url":"git+https://github.com/atom/etch.git"},"keywords":["virtual-dom dom view element custom-elements dom-diff atom electron"],"author":{"name":"Nathan Sobo","email":"nathan@github.com"},"license":"MIT","bugs":{"url":"https://github.com/atom/etch/issues"},"homepage":"https://github.com/atom/etch","devDependencies":{"babel":"^5.8.33","babel-eslint":"^4.1.6","chai":"^3.5.0","electron":"1.3.13","electron-mocha":"3.3.0","estraverse-fb":"^1.3.1","mocha":"^3.1.2","random-seed":"^0.3.0","standard":"^8.5.0"},"standard":{"parser":"babel-eslint","global":["beforeEach","describe","it","expect","requestAnimationFrame","SVGSVGElement"]},"gitHead":"f06483bb696cd44229889f0a9532b0a66ee69402","_id":"etch@0.12.1","_shasum":"5a172c762f06b1b71d58af363cd27e7afbcc6217","_from":".","_npmVersion":"3.10.8","_nodeVersion":"6.9.1","_npmUser":{"name":"nathansobo","email":"nathan@github.com"},"dist":{"shasum":"5a172c762f06b1b71d58af363cd27e7afbcc6217","tarball":"https://registry.npmjs.org/etch/-/etch-0.12.1.tgz"},"maintainers":[{"name":"as-cii","email":"as-cii@github.com"},{"name":"atom","email":"nathan@github.com"},{"name":"binarymuse","email":"michelle@michelletilley.net"},{"name":"joshaber","email":"joshaber@gmail.com"},{"name":"nathansobo","email":"nathan@github.com"}],"_npmOperationalInternal":{"host":"packages-18-east.internal.npmjs.com","tmp":"tmp/etch-0.12.1.tgz_1492101767025_0.7774256707634777"},"directories":{}},"0.12.2":{"name":"etch","version":"0.12.2","description":"Perform virtual DOM updates based on changes to a data model.","main":"lib/index.js","scripts":{"test":"npm run standard && npm run mocha","mocha":"electron-mocha --renderer --recursive ./test/helpers/register-babel test","tdd":"npm run standard && node_modules/.bin/electron-mocha --renderer --interactive --recursive ./test/helpers/register-babel  test","prepublish":"npm run standard","standard":"standard --recursive lib test && echo Linting passed"},"repository":{"type":"git","url":"git+https://github.com/atom/etch.git"},"keywords":["virtual-dom dom view element custom-elements dom-diff atom electron"],"author":{"name":"Nathan Sobo","email":"nathan@github.com"},"license":"MIT","bugs":{"url":"https://github.com/atom/etch/issues"},"homepage":"https://github.com/atom/etch","devDependencies":{"babel":"^5.8.33","babel-eslint":"^4.1.6","chai":"^3.5.0","electron":"1.3.13","electron-mocha":"3.3.0","estraverse-fb":"^1.3.1","mocha":"^3.1.2","random-seed":"^0.3.0","standard":"^8.5.0"},"standard":{"parser":"babel-eslint","global":["beforeEach","describe","it","expect","requestAnimationFrame","SVGSVGElement"]},"gitHead":"2658efed12f40fe71832e54ba89a97870b262477","_id":"etch@0.12.2","_shasum":"e4c271879fe31dec499110ae9dd3a1354de9ee41","_from":".","_npmVersion":"3.10.8","_nodeVersion":"6.9.1","_npmUser":{"name":"nathansobo","email":"nathan@github.com"},"dist":{"shasum":"e4c271879fe31dec499110ae9dd3a1354de9ee41","tarball":"https://registry.npmjs.org/etch/-/etch-0.12.2.tgz"},"maintainers":[{"name":"as-cii","email":"as-cii@github.com"},{"name":"atom","email":"nathan@github.com"},{"name":"binarymuse","email":"michelle@michelletilley.net"},{"name":"joshaber","email":"joshaber@gmail.com"},{"name":"nathansobo","email":"nathan@github.com"}],"_npmOperationalInternal":{"host":"packages-12-west.internal.npmjs.com","tmp":"tmp/etch-0.12.2.tgz_1492279302180_0.24690606258809566"},"directories":{}},"0.12.3":{"name":"etch","version":"0.12.3","description":"Perform virtual DOM updates based on changes to a data model.","main":"lib/index.js","scripts":{"test":"npm run standard && npm run mocha","mocha":"electron-mocha --renderer --recursive ./test/helpers/register-babel test","tdd":"npm run standard && node_modules/.bin/electron-mocha --renderer --interactive --recursive ./test/helpers/register-babel  test","prepublish":"npm run standard","standard":"standard --recursive lib test && echo Linting passed"},"repository":{"type":"git","url":"git+https://github.com/atom/etch.git"},"keywords":["virtual-dom dom view element custom-elements dom-diff atom electron"],"author":{"name":"Nathan Sobo","email":"nathan@github.com"},"license":"MIT","bugs":{"url":"https://github.com/atom/etch/issues"},"homepage":"https://github.com/atom/etch","devDependencies":{"babel":"^5.8.33","babel-eslint":"^4.1.6","chai":"^3.5.0","electron":"1.3.13","electron-mocha":"3.3.0","estraverse-fb":"^1.3.1","mocha":"^3.1.2","random-seed":"^0.3.0","standard":"^8.5.0"},"standard":{"parser":"babel-eslint","global":["beforeEach","describe","it","expect","requestAnimationFrame","SVGSVGElement"]},"gitHead":"3f4c63a14f66dfdaade9cf52badc89b28c8b57cd","_id":"etch@0.12.3","_shasum":"e4bcd79038646f0d870d3f32db19d7b65c5698fc","_from":".","_npmVersion":"3.10.8","_nodeVersion":"6.9.1","_npmUser":{"name":"as-cii","email":"as-cii@github.com"},"dist":{"shasum":"e4bcd79038646f0d870d3f32db19d7b65c5698fc","tarball":"https://registry.npmjs.org/etch/-/etch-0.12.3.tgz"},"maintainers":[{"name":"as-cii","email":"as-cii@github.com"},{"name":"atom","email":"nathan@github.com"},{"name":"binarymuse","email":"michelle@michelletilley.net"},{"name":"joshaber","email":"joshaber@gmail.com"},{"name":"nathansobo","email":"nathan@github.com"}],"_npmOperationalInternal":{"host":"packages-18-east.internal.npmjs.com","tmp":"tmp/etch-0.12.3.tgz_1494351429321_0.8366100906860083"},"directories":{}},"0.12.4":{"name":"etch","version":"0.12.4","description":"Perform virtual DOM updates based on changes to a data model.","main":"lib/index.js","scripts":{"test":"npm run standard && npm run mocha","mocha":"electron-mocha --renderer --recursive ./test/helpers/register-babel test","tdd":"npm run standard && node_modules/.bin/electron-mocha --renderer --interactive --recursive ./test/helpers/register-babel  test","prepublish":"npm run standard","standard":"standard --recursive lib test && echo Linting passed"},"repository":{"type":"git","url":"git+https://github.com/atom/etch.git"},"keywords":["virtual-dom dom view element custom-elements dom-diff atom electron"],"author":{"name":"Nathan Sobo","email":"nathan@github.com"},"license":"MIT","bugs":{"url":"https://github.com/atom/etch/issues"},"homepage":"https://github.com/atom/etch","devDependencies":{"babel":"^5.8.33","babel-eslint":"^4.1.6","chai":"^3.5.0","electron":"1.3.13","electron-mocha":"3.3.0","estraverse-fb":"^1.3.1","mocha":"^3.1.2","random-seed":"^0.3.0","standard":"^8.5.0"},"standard":{"parser":"babel-eslint","global":["beforeEach","describe","it","expect","requestAnimationFrame","SVGSVGElement"]},"gitHead":"b9b6b3432bf66eb7aa05441688f2157577804232","_id":"etch@0.12.4","_shasum":"6c8b9500eeeda22a1e0962f58f94e2cf9573ac92","_from":".","_npmVersion":"3.10.8","_nodeVersion":"6.9.1","_npmUser":{"name":"as-cii","email":"as-cii@github.com"},"dist":{"shasum":"6c8b9500eeeda22a1e0962f58f94e2cf9573ac92","tarball":"https://registry.npmjs.org/etch/-/etch-0.12.4.tgz"},"maintainers":[{"name":"as-cii","email":"as-cii@github.com"},{"name":"atom","email":"nathan@github.com"},{"name":"binarymuse","email":"michelle@michelletilley.net"},{"name":"joshaber","email":"joshaber@gmail.com"},{"name":"nathansobo","email":"nathan@github.com"}],"_npmOperationalInternal":{"host":"packages-18-east.internal.npmjs.com","tmp":"tmp/etch-0.12.4.tgz_1494426348090_0.800736153498292"},"directories":{}},"0.12.5":{"name":"etch","version":"0.12.5","description":"Perform virtual DOM updates based on changes to a data model.","main":"lib/index.js","scripts":{"test":"npm run standard && npm run mocha","mocha":"electron-mocha --renderer --recursive ./test/helpers/register-babel test","tdd":"npm run standard && node_modules/.bin/electron-mocha --renderer --interactive --recursive ./test/helpers/register-babel  test","prepublish":"npm run standard","standard":"standard --recursive lib test && echo Linting passed"},"repository":{"type":"git","url":"git+https://github.com/atom/etch.git"},"keywords":["virtual-dom dom view element custom-elements dom-diff atom electron"],"author":{"name":"Nathan Sobo","email":"nathan@github.com"},"license":"MIT","bugs":{"url":"https://github.com/atom/etch/issues"},"homepage":"https://github.com/atom/etch","devDependencies":{"babel":"^5.8.33","babel-eslint":"^4.1.6","chai":"^3.5.0","electron":"1.3.13","electron-mocha":"3.3.0","estraverse-fb":"^1.3.1","mocha":"^3.1.2","random-seed":"^0.3.0","standard":"^8.5.0"},"standard":{"parser":"babel-eslint","global":["beforeEach","describe","it","expect","requestAnimationFrame","SVGSVGElement"]},"gitHead":"034b6107c25453560fd9eb2c77a4f1e5ac0778a2","_id":"etch@0.12.5","_shasum":"0d39f0a1200075c55ec1e3925beb62c021cf7e97","_from":".","_npmVersion":"4.2.0","_nodeVersion":"7.10.0","_npmUser":{"name":"atom-team","email":"atom@github.com"},"dist":{"shasum":"0d39f0a1200075c55ec1e3925beb62c021cf7e97","tarball":"https://registry.npmjs.org/etch/-/etch-0.12.5.tgz"},"maintainers":[{"email":"atom@github.com","name":"atom-team"},{"email":"as-cii@github.com","name":"as-cii"},{"email":"michelle@michelletilley.net","name":"binarymuse"},{"email":"joshaber@gmail.com","name":"joshaber"},{"email":"nathan@github.com","name":"nathansobo"}],"_npmOperationalInternal":{"host":"s3://npm-registry-packages","tmp":"tmp/etch-0.12.5.tgz_1499098921176_0.8733326201327145"},"directories":{}},"0.12.6":{"name":"etch","version":"0.12.6","description":"Perform virtual DOM updates based on changes to a data model.","main":"lib/index.js","scripts":{"test":"npm run standard && npm run mocha","mocha":"electron-mocha --renderer --recursive ./test/helpers/register-babel test","tdd":"npm run standard && node_modules/.bin/electron-mocha --renderer --interactive --recursive ./test/helpers/register-babel  test","prepublish":"npm run standard","standard":"standard --recursive lib test && echo Linting passed"},"repository":{"type":"git","url":"git+https://github.com/atom/etch.git"},"keywords":["virtual-dom dom view element custom-elements dom-diff atom electron"],"author":{"name":"Nathan Sobo","email":"nathan@github.com"},"license":"MIT","bugs":{"url":"https://github.com/atom/etch/issues"},"homepage":"https://github.com/atom/etch","devDependencies":{"babel":"^5.8.33","babel-eslint":"^4.1.6","chai":"^3.5.0","electron":"1.3.13","electron-mocha":"3.3.0","estraverse-fb":"^1.3.1","mocha":"^3.1.2","random-seed":"^0.3.0","standard":"^8.5.0"},"standard":{"parser":"babel-eslint","global":["beforeEach","describe","it","expect","requestAnimationFrame","SVGSVGElement"]},"gitHead":"3c8c02911bbaa3692348390309ddb671f108f105","_id":"etch@0.12.6","_npmVersion":"5.3.0","_nodeVersion":"7.10.0","_npmUser":{"name":"atom-team","email":"atom@github.com"},"dist":{"integrity":"sha512-04sff2OsHpgm/HTsIwzAU4ofQgDEfa8qKWew1+2rhlsbS7lzxlM7JwN+QgDpngc2zufJgRck+mzcHIppAiNLxQ==","shasum":"57d96e0066eee16e06355814f46b8829c6fd5c05","tarball":"https://registry.npmjs.org/etch/-/etch-0.12.6.tgz"},"maintainers":[{"email":"atom@github.com","name":"atom-team"},{"email":"as-cii@github.com","name":"as-cii"},{"email":"michelle@michelletilley.net","name":"binarymuse"},{"email":"joshaber@gmail.com","name":"joshaber"},{"email":"nathan@github.com","name":"nathansobo"}],"_npmOperationalInternal":{"host":"s3://npm-registry-packages","tmp":"tmp/etch-0.12.6.tgz_1503446774726_0.6363606248050928"},"directories":{}},"0.12.7":{"name":"etch","version":"0.12.7","description":"Perform virtual DOM updates based on changes to a data model.","main":"lib/index.js","scripts":{"test":"npm run standard && npm run mocha","mocha":"electron-mocha --renderer --recursive ./test/helpers/register-babel test","tdd":"npm run standard && node_modules/.bin/electron-mocha --renderer --interactive --recursive ./test/helpers/register-babel  test","prepublish":"npm run standard","standard":"standard --recursive lib test && echo Linting passed"},"repository":{"type":"git","url":"git+https://github.com/atom/etch.git"},"keywords":["virtual-dom dom view element custom-elements dom-diff atom electron"],"author":{"name":"Nathan Sobo","email":"nathan@github.com"},"license":"MIT","bugs":{"url":"https://github.com/atom/etch/issues"},"homepage":"https://github.com/atom/etch","devDependencies":{"babel":"^5.8.33","babel-eslint":"^4.1.6","chai":"^3.5.0","electron":"1.3.13","electron-mocha":"3.3.0","estraverse-fb":"^1.3.1","mocha":"^3.1.2","random-seed":"^0.3.0","standard":"^8.5.0"},"standard":{"parser":"babel-eslint","global":["beforeEach","describe","it","expect","requestAnimationFrame","SVGSVGElement"]},"gitHead":"6fe9f4e4962967a3e5ef23b0d039b4f7a3b6b83b","_id":"etch@0.12.7","_npmVersion":"5.5.1","_nodeVersion":"7.10.0","_npmUser":{"name":"atom-team","email":"atom@github.com"},"dist":{"integrity":"sha512-rSmMSnhd4NpVHg1JThRzxRLWiF6QVqAsuObdPH7rsE5FaM4prj1BAcZJr812CQAMUsB3eJWCaL9y6lmv3E2qgg==","shasum":"a0fbd424f2dc56713cba83785f672e52db94dbb5","tarball":"https://registry.npmjs.org/etch/-/etch-0.12.7.tgz"},"maintainers":[{"email":"atom@github.com","name":"atom-team"},{"email":"as-cii@github.com","name":"as-cii"},{"email":"michelle@michelletilley.net","name":"binarymuse"},{"email":"joshaber@gmail.com","name":"joshaber"},{"email":"nathan@github.com","name":"nathansobo"}],"_npmOperationalInternal":{"host":"s3://npm-registry-packages","tmp":"tmp/etch-0.12.7.tgz_1510602518045_0.3675117837265134"},"directories":{}},"0.12.8":{"name":"etch","version":"0.12.8","description":"Perform virtual DOM updates based on changes to a data model.","main":"lib/index.js","scripts":{"test":"npm run standard && npm run mocha","mocha":"electron-mocha --renderer --recursive ./test/helpers/register-babel test","tdd":"npm run standard && node_modules/.bin/electron-mocha --renderer --interactive --recursive ./test/helpers/register-babel  test","prepublish":"npm run standard","standard":"standard --recursive lib test && echo Linting passed"},"repository":{"type":"git","url":"git+https://github.com/atom/etch.git"},"keywords":["virtual-dom dom view element custom-elements dom-diff atom electron"],"author":{"name":"Nathan Sobo","email":"nathan@github.com"},"license":"MIT","bugs":{"url":"https://github.com/atom/etch/issues"},"homepage":"https://github.com/atom/etch","devDependencies":{"babel":"^5.8.33","babel-eslint":"^4.1.6","chai":"^3.5.0","electron":"1.3.13","electron-mocha":"3.3.0","estraverse-fb":"^1.3.1","mocha":"^3.1.2","random-seed":"^0.3.0","standard":"^8.5.0"},"standard":{"parser":"babel-eslint","global":["beforeEach","describe","it","expect","requestAnimationFrame","SVGSVGElement"]},"gitHead":"4c50eea107ed210044c66945d5808b352e621481","_id":"etch@0.12.8","_npmVersion":"5.5.1","_nodeVersion":"7.10.0","_npmUser":{"name":"atom-team","email":"atom@github.com"},"dist":{"integrity":"sha512-dFLRe4wLroVtwzyy1vGlE3BSDZHiL0kZME5XgNGzZIULcYTvVno8vbiIleAesoKJmwWaxDTzG+4eppg2zk14JQ==","shasum":"c24bc9bd3a6148f62204ce8643d2e899b9ecb9de","tarball":"https://registry.npmjs.org/etch/-/etch-0.12.8.tgz"},"maintainers":[{"email":"atom@github.com","name":"atom-team"},{"email":"as-cii@github.com","name":"as-cii"},{"email":"michelle@michelletilley.net","name":"binarymuse"},{"email":"joshaber@gmail.com","name":"joshaber"},{"email":"nathan@github.com","name":"nathansobo"}],"_npmOperationalInternal":{"host":"s3://npm-registry-packages","tmp":"tmp/etch-0.12.8.tgz_1516283203141_0.159232331905514"},"directories":{}},"0.13.0":{"name":"etch","version":"0.13.0","description":"Perform virtual DOM updates based on changes to a data model.","main":"lib/index.js","scripts":{"test":"npm run standard && npm run mocha","mocha":"electron-mocha --renderer --recursive ./test/helpers/register-babel test","tdd":"npm run standard && node_modules/.bin/electron-mocha --renderer --interactive --recursive ./test/helpers/register-babel  test","prepublish":"npm run standard","standard":"standard --recursive lib test && echo Linting passed"},"repository":{"type":"git","url":"git+https://github.com/atom/etch.git"},"keywords":["virtual-dom dom view element custom-elements dom-diff atom electron"],"author":{"name":"Nathan Sobo","email":"nathan@github.com"},"license":"MIT","bugs":{"url":"https://github.com/atom/etch/issues"},"homepage":"https://github.com/atom/etch","devDependencies":{"babel":"^5.8.33","babel-eslint":"^4.1.6","chai":"^3.5.0","electron":"1.3.13","electron-mocha":"3.3.0","estraverse-fb":"^1.3.1","mocha":"^3.1.2","random-seed":"^0.3.0","standard":"^8.5.0"},"standard":{"parser":"babel-eslint","global":["beforeEach","describe","it","expect","requestAnimationFrame","SVGSVGElement"]},"gitHead":"fd03f68a96c9f9da7720783797d93ec0c96305be","_id":"etch@0.13.0","_npmVersion":"5.6.0","_nodeVersion":"8.9.3","_npmUser":{"name":"atom-team","email":"atom@github.com"},"dist":{"integrity":"sha512-qyoYNq98SQFiFIUvtVFVA7vcgD5I4SvJgBz+mgKEczhPsrbFmGc4de5DYfVqwOMwQwzAkf+GT4sLWW803RrZ5w==","shasum":"10fbbd230be2bd0b8a9e4fcaebacb8eb5b0036da","tarball":"https://registry.npmjs.org/etch/-/etch-0.13.0.tgz","fileCount":28,"unpackedSize":91854},"maintainers":[{"email":"as-cii@github.com","name":"as-cii"},{"email":"atom@github.com","name":"atom-team"},{"email":"michelle@michelletilley.net","name":"binarymuse"},{"email":"joshaber@gmail.com","name":"joshaber"},{"email":"nathan@github.com","name":"nathansobo"}],"directories":{},"_npmOperationalInternal":{"host":"s3://npm-registry-packages","tmp":"tmp/etch_0.13.0_1521560113932_0.08514779372806847"}},"0.14.0":{"name":"etch","version":"0.14.0","description":"Perform virtual DOM updates based on changes to a data model.","main":"lib/index.js","scripts":{"test":"npm run standard && npm run mocha","mocha":"electron-mocha --renderer --recursive ./test/helpers/register-babel test","tdd":"npm run standard && node_modules/.bin/electron-mocha --renderer --interactive --recursive ./test/helpers/register-babel  test","prepublish":"npm run standard","standard":"standard --recursive lib test && echo Linting passed"},"repository":{"type":"git","url":"git+https://github.com/atom/etch.git"},"keywords":["virtual-dom dom view element custom-elements dom-diff atom electron"],"author":{"name":"Nathan Sobo","email":"nathan@github.com"},"license":"MIT","bugs":{"url":"https://github.com/atom/etch/issues"},"homepage":"https://github.com/atom/etch","devDependencies":{"babel":"^5.8.33","babel-eslint":"^4.1.6","chai":"^3.5.0","electron":"1.3.13","electron-mocha":"3.3.0","estraverse-fb":"^1.3.1","mocha":"^3.1.2","random-seed":"^0.3.0","standard":"^8.5.0"},"standard":{"parser":"babel-eslint","global":["beforeEach","describe","it","expect","requestAnimationFrame","SVGSVGElement"]},"gitHead":"dc2209cbdd5e4c1a1ad54990b2ffc9f263f535a9","_id":"etch@0.14.0","_npmVersion":"5.6.0","_nodeVersion":"8.9.3","_npmUser":{"name":"atom-team","email":"atom@github.com"},"dist":{"integrity":"sha512-puqbFxz7lSm+YK6Q+bvRkNndRv6PRvGscSEhcFjmtL4nX/Az5rRCNPvK3aVTde85c/L5X0vI5kqfnpYddRalJQ==","shasum":"c446db1a619f96b011987b214d1bf2d907cf57d0","tarball":"https://registry.npmjs.org/etch/-/etch-0.14.0.tgz","fileCount":29,"unpackedSize":92048},"maintainers":[{"email":"as-cii@github.com","name":"as-cii"},{"email":"atom@github.com","name":"atom-team"},{"email":"michelle@michelletilley.net","name":"binarymuse"},{"email":"joshaber@gmail.com","name":"joshaber"},{"email":"nathan@github.com","name":"nathansobo"}],"directories":{},"_npmOperationalInternal":{"host":"s3://npm-registry-packages","tmp":"tmp/etch_0.14.0_1521560277815_0.94200785048027"}}},"readme":"# ![Logo](https://cloud.githubusercontent.com/assets/378023/18806594/927cb104-826c-11e6-8e4b-7b54be52108e.png)\n\n[![macOS Build Status](https://travis-ci.org/atom/etch.svg?branch=master)](https://travis-ci.org/atom/etch)\n[![Windows Build Status](https://ci.appveyor.com/api/projects/status/8lhn71sa3f6vuaqw/branch/master?svg=true)](https://ci.appveyor.com/project/Atom/etch/branch/master)\n[![Dependency Status](https://david-dm.org/atom/etch.svg)](https://david-dm.org/atom/etch)\n\nEtch is a library for writing HTML-based user interface components that provides the convenience of a **virtual DOM**, while at the same time striving to be **minimal**, **interoperable**, and **explicit**. Etch can be used anywhere, but it was specifically designed with **Atom packages** and **Electron applications** in mind.\n\n### Overview\n\nEtch components are ordinary JavaScript objects that conform to a minimal interface. Instead of inheriting from a superclass or building your component with a factory method, you access Etch's functionality by passing your component to Etch's library functions at specific points of your component's lifecycle. A typical component is structured as follows:\n\n```js\n/** @jsx etch.dom */\n\nconst etch = require('etch')\n\nclass MyComponent {\n  // Required: Define an ordinary constructor to initialize your component.\n  constructor (props, children) {\n    // perform custom initialization here...\n    // then call `etch.initialize`:\n    etch.initialize(this)\n  }\n\n  // Required: The `render` method returns a virtual DOM tree representing the\n  // current state of the component. Etch will call `render` to build and update\n  // the component's associated DOM element. Babel is instructed to call the\n  // `etch.dom` helper in compiled JSX expressions by the `@jsx` pragma above.\n  render () {\n    return <div></div>\n  }\n\n  // Required: Update the component with new properties and children.\n  update (props, children) {\n    // perform custom update logic here...\n    // then call `etch.update`, which is async and returns a promise\n    return etch.update(this)\n  }\n\n  // Optional: Destroy the component. Async/await syntax is pretty but optional.\n  async destroy () {\n    // call etch.destroy to remove the element and destroy child components\n    await etch.destroy(this)\n    // then perform custom teardown logic here...\n  }\n}\n```\n\nThe component defined above could be used as follows:\n\n```js\n// build a component instance in a standard way...\nlet component = new MyComponent({foo: 1, bar: 2})\n\n// use the component's associated DOM element however you wish...\ndocument.body.appendChild(component.element)\n\n// update the component as needed...\nawait component.update({bar: 2})\n\n// destroy the component when done...\nawait component.destroy()\n```\n\nNote that using an Etch component does not require a reference to the Etch library. Etch is an implementation detail, and from the outside the component is just an ordinary object with a simple interface and an `.element` property. You can also take a more declarative approach by embedding Etch components directly within other Etch components, which we'll cover later in this document.\n\n### Etch Lifecycle Functions\n\nUse Etch's three lifecycle functions to associate a component with a DOM element, update that component's DOM element when the component's state changes, and tear down the component when it is no longer needed.\n\n#### `etch.initialize(component)`\n\nThis function associates a component object with a DOM element. Its only requirement is that the object you pass to it has a `render` method that returns a virtual DOM tree constructed with the `etch.dom` helper ([Babel][babel] can be configured to compile JSX expressions to `etch.dom` calls). This function calls `render` and uses the result to build a DOM element, which it assigns to the `.element` property on your component object. `etch.initialize` also assigns any references (discussed later) to a `.refs` object on your component.\n\nThis function is typically called at the end of your component's constructor:\n\n```js\n/** @jsx etch.dom */\n\nconst etch = require('etch')\n\nclass MyComponent {\n  constructor (properties) {\n    this.properties = properties\n    etch.initialize(this)\n  }\n\n  render () {\n    return <div>{this.properties.greeting} World!</div>\n  }\n}\n\nlet component = new MyComponent({greeting: 'Hello'})\nconsole.log(component.element.outerHTML) // ==> <div>Hello World!</div>\n```\n\n#### `etch.update(component[, replaceNode])`\n\nThis function takes a component that is already associated with an `.element` property and updates the component's DOM element based on the current return value of the component's `render` method. If the return value of `render` specifies that the DOM element type has changed since the last `render`, Etch will switch out the previous DOM node for the new one unless `replaceNode` is `false`.\n\n`etch.update` is asynchronous, batching multiple DOM updates together in a single animation frame for efficiency. Even if it is called repeatedly with the same component in a given event-loop tick, it will only perform a single DOM update per component on the next animation frame. That means it is safe to call `etch.update` whenever your component's state changes, even if you're doing so redundantly. This function returns a promise that resolves when the DOM update has completed.\n\n`etch.update` should be called whenever your component's state changes in a way that affects the results of `render`. For a basic component, you can implement an `update` method that updates your component's state and then requests a DOM update via `etch.update`. Expanding on the example from the previous section:\n\n```js\n/** @jsx etch.dom */\n\nconst etch = require('etch')\n\nclass MyComponent {\n  constructor (properties) {\n    this.properties = properties\n    etch.initialize(this)\n  }\n\n  render () {\n    return <div>{this.properties.greeting} World!</div>\n  }\n\n  update (newProperties) {\n    if (this.properties.greeting !== newProperties.greeting) {\n      this.properties.greeting = newProperties.greeting\n      return etch.update(this)\n    } else {\n      return Promise.resolve()\n    }\n  }\n}\n\n// in an async function...\n\nlet component = new MyComponent({greeting: 'Hello'})\nconsole.log(component.element.outerHTML) // ==> <div>Hello World!</div>\nawait component.update({greeting: 'Salutations'})\nconsole.log(component.element.outerHTML) // ==> <div>Salutations World!</div>\n```\n\nThere is also a synchronous variant, `etch.updateSync`, which performs the DOM update immediately. It doesn't skip redundant updates or batch together with other component updates, so you shouldn't really use it unless you have a clear reason.\n\n##### Update Hooks\n\nIf you need to perform imperative DOM interactions in addition to the declarative updates provided by etch, you can integrate your imperative code via update hooks on the component. To ensure good performance, it's important that you segregate DOM reads and writes in the appropriate hook.\n\n* `writeAfterUpdate` If you need to *write* to any part of the document as a result of updating your component, you should perform these writes in an optional `writeAfterUpdate` method defined on your component. Be warned: If you read from the DOM inside this method, it could potentially lead to layout thrashing by interleaving your reads with DOM writes associated with other components.\n\n* `readAfterUpdate` If you need to *read* any part of the document as a result of updating your component, you should perform these reads in an optional `readAfterUpdate` method defined on your component. You should avoid writing to the DOM in these methods, because writes could interleave with reads performed in `readAfterUpdate` hooks defined on other components. If you need to update the DOM as a result of your reads, store state on your component and request an additional update via `etch.update`.\n\nThese hooks exist to support DOM reads and writes in response to Etch updating your component's element. If you want your hook to run code based on changes to the component's *logical* state, you can make those calls directly or via other mechanisms. For example, if you simply want to call an external API when a property on your component changes, you should move that logic into the `update` method.\n\n#### `etch.destroy(component[, removeNode])`\n\nWhen you no longer need a component, pass it to `etch.destroy`. This function will call `destroy` on any child components (child components are covered later in this document), and will additionally remove the component's DOM element from the document unless `removeNode` is `false`. `etch.destroy` is also asynchronous so that it can combine the removal of DOM elements with other DOM updates, and it returns a promise that resolves when the component destruction process has completed.\n\n`etch.destroy` is typically called in an async `destroy` method on the component:\n\n```js\nclass MyComponent {\n  // other methods omitted for brevity...\n\n  async destroy () {\n    await etch.destroy(this)\n\n    // perform component teardown... here we just log for example purposes\n    let greeting = this.properties.greeting\n    console.log(`Destroyed component with greeting ${greeting}`)\n  }\n}\n\n// in an async function...\n\nlet component = new MyComponent({greeting: 'Hello'})\ndocument.body.appendChild(component.element)\nassert(component.element.parentElement)\nawait component.destroy()\nassert(!component.element.parentElement)\n```\n\n### Component Composition\n\n#### Nesting Etch Components Within Other Etch Components\n\nComponents can be nested within other components by referencing a child component's constructor in the parent component's `render` method, as follows:\n\n```js\n/** @jsx etch.dom */\n\nconst etch = require('etch')\n\nclass ChildComponent {\n  constructor () {\n    etch.initialize(this)\n  }\n\n  render () {\n    return <h2>I am a child</h2>\n  }\n}\n\nclass ParentComponent {\n  constructor () {\n    etch.initialize(this)\n  }\n\n  render () {\n    <div>\n      <h1>I am a parent</div>\n      <ChildComponent />\n    </div>\n  }\n}\n```\n\nA constructor function can always take the place of a tag name in any Etch JSX expression. If the JSX expression has properties or children, these will be passed to the constructor function as the first and second argument, respectively.\n\n```js\n/** @jsx etch.dom */\n\nconst etch = require('etch')\n\nclass ChildComponent {\n  constructor (properties, children) {\n    this.properties = properties\n    this.children = children\n    etch.initialize(this)\n  }\n\n  render () {\n    return (\n      <div>\n        <h2>I am a {this.properties.adjective} child</h2>\n        <h2>And these are *my* children:</h2>\n        {this.children}\n      </div>\n    )\n  }\n}\n\nclass ParentComponent {\n  constructor () {\n    etch.initialize(this)\n  }\n\n  render () {\n    <div>\n      <h1>I am a parent</div>\n      <ChildComponent adjective='good'>\n        <div>Grandchild 1</div>\n        <div>Grandchild 2</div>\n      <ChildComponent/>\n    </div>\n  }\n}\n```\n\nIf the properties or children change during an update of the parent component, Etch calls `update` on the child component with the new values. Finally, if an update causes the child component to no longer appear in the DOM or the parent component itself is destroyed, Etch will call `destroy` on the child component if it is implemented.\n\n#### Nesting Non-Etch Components Within Etch Components\n\nNothing about the component composition rules requires that the child component be implemented with Etch. So long as your constructor builds an object with an `.element` property and an `update` method, it can be nested within an Etch virtual DOM tree. Your component can also implement `destroy` if you want to perform teardown logic when it is removed from the parent component.\n\nThis feature makes it easy to mix components written in different versions of Etch or wrap components written in other technologies for integration into an Etch component. You can even just use raw DOM APIs for simple or performance-critical components and use them straightforwardly within Etch.\n\n### Keys\n\nTo keep DOM update times linear in the size of the virtual tree, Etch applies a very simple strategy when updating lists of elements. By default, if a child at a given location has the same tag name in both the previous and current virtual DOM tree, Etch proceeds to apply updates for the entire subtree.\n\nIf your virtual DOM contains a list into which you are inserting and removing elements frequently, you can associate each element in the list with a unique `key` property to identify it. This improves performance by allowing Etch to determine whether a given element tree should be *inserted* as a new DOM node, or whether it corresponds to a node that already exists that needs to be *updated*.\n\n### References\n\nEtch interprets any `ref` property on a virtual DOM element as an instruction to wire a reference to the underlying DOM element or child component. These references are collected in a `refs` object that Etch assigns on your component.\n\n```js\nclass ParentComponent {\n  constructor () {\n    etch.initialize(this)\n  }\n\n  render () {\n    <div>\n      <span ref='greetingSpan'>Hello</span>\n      <ChildComponent ref='childComponent' />\n    </div>\n  }\n}\n\nlet component = new ParentComponent()\ncomponent.refs.greetingSpan // This is a span DOM node\ncomponent.refs.childComponent // This is a ChildComponent instance\n```\nNote that `ref` properties on normal HTML elements create references to raw DOM nodes, while `ref` properties on child components create references to the constructed component object, which makes its DOM node available via its `element` property.\n\n### Handling Events\n\nEtch supports listening to arbitrary events on DOM nodes via the special `on` property, which can be used to assign a hash of `eventName: listenerFunction` pairs:\n\n```js\nclass ComponentWithEvents {\n  constructor () {\n    etch.initialize(this)\n  }\n\n  render () {\n    return <div on={{click: this.didClick, focus: this.didFocus}} />\n  }\n\n  didClick (event) {\n    console.log(event) // ==> MouseEvent {...}\n    console.log(this) // ==> ComponentWithEvents {...}\n  }\n\n  didFocus (event) {\n    console.log(event) // ==> FocusEvent {...}\n    console.log(this) // ==> ComponentWithEvents {...}\n  }\n}\n```\n\nAs you can see, the listener function's `this` value is automatically bound to the parent component. You should rely on this auto-binding facility rather than using arrow functions or `Function.bind` to avoid complexity and extraneous closure allocations.\n\n### Assigning DOM Attributes\n\nWith the exception of SVG elements, Etch assigns *properties* on DOM nodes rather than HTML attributes. If you want to bypass this behavior and assign attributes instead, use the special `attributes` property with a nested object. For example, `a` and `b` below will yield the equivalent DOM node.\n\n```js\nconst a = <div className='foo' />\nconst b = <div attributes={{class: 'foo'}}\n```\n\nThis can be useful for custom attributes that don't map to DOM node properties.\n\n### Organizing Component State\n\nTo keep the API surface area minimal, Etch is deliberately focused only on updating the DOM, leaving management of component state to component authors.\n\n#### Controlled Components\n\nIf your component's HTML is based solely on properties passed in from the outside, you just need to implement a simple `update` method.\n\n```js\nclass ControlledComponent {\n  constructor (props) {\n    this.props = props\n    etch.initialize(this)\n  }\n\n  render () {\n    // read from this.props here\n  }\n\n  update (props) {\n    // you could avoid redundant updates by comparing this.props with props...\n    this.props = props\n    return etch.update(this)\n  }\n}\n```\n\nCompared to React, control is inverted. Instead of implementing `shouldComponentUpdate` to control whether or not the framework updates your element, you always explicitly call `etch.update` when an update is needed.\n\n#### Stateful Components\n\nIf your `render` method's output is based on state managed within the component itself, call `etch.update` whenever this state is updated. You could store all state in a sub-object called `state` like React does, or you could just use instance variables.\n\n```js\nclass StatefulComponent {\n  constructor () {\n    this.counter = 0\n    etch.initialize(this)\n  }\n\n  render () {\n    <div>\n      <span>{this.counter}</span>\n      <button onclick={() => this.incrementCounter()}>\n        Increment Counter\n      </button>\n    </div>\n  }\n\n  incrementCounter () {\n    this.counter++\n    // since we updated state we use in render, call etch.update\n    return etch.update(this)\n  }\n}\n```\n\n#### What About A Component Superclass?\n\nTo keep this library small and explicit, we're favoring composition over inheritance. Etch gives you a small set of tools for updating the DOM, and with these you can accomplish your objectives with some simple patterns. You *could* write a simple component superclass in your application to remove a bit of boilerplate, or even publish one on npm. For now, however, we're going to avoid taking on the complexity of such a superclass into this library. We may change our mind in the future.\n\n### Customizing The Scheduler\n\nEtch exports a `setScheduler` method that allows you to override the scheduler it uses to coordinate DOM writes. When using Etch inside a larger application, it may be important to coordinate Etch's DOM interactions with other libraries to avoid synchronous reflows.\n\nFor example, when using Etch in Atom, you should set the scheduler as follows:\n\n```js\netch.setScheduler(atom.views)\n```\n\nRead comments in the [scheduler assignment][scheduler-assignment] and [default scheduler][default-scheduler] source code for more information on implementing your own scheduler.\n\n### Performance\n\nThe [github.com/krausest/js-framework-benchmark](https://github.com/krausest/js-framework-benchmark) runs various benchmarks using different frameworks. It should give you an idea how etch performs compared to other frameworks.\n\nCheckout the benchmarks [here](https://rawgit.com/krausest/js-framework-benchmark/master/webdriver-ts-results/table.html).\n\n### Feature Requests\n\nEtch aims to stay small and focused. If you have a feature idea, consider implementing it as a library that either wraps Etch or, even better, that can be used in concert with it. If it's impossible to implement your feature outside of Etch, we can discuss adding a hook that makes your feature possible.\n\n[babel]: https://babeljs.io/\n[scheduler-assignment]: https://github.com/nathansobo/etch/blob/master/lib/scheduler-assignment.js\n[default-scheduler]: https://github.com/nathansobo/etch/blob/master/lib/default-scheduler.js\n[dom-listener]: https://github.com/atom/dom-listener\n","maintainers":[{"email":"as-cii@github.com","name":"as-cii"},{"email":"atom@github.com","name":"atom-team"},{"email":"michelle@michelletilley.net","name":"binarymuse"},{"email":"joshaber@gmail.com","name":"joshaber"},{"email":"nathan@github.com","name":"nathansobo"}],"time":{"modified":"2018-03-20T15:37:59.236Z","created":"2015-07-31T23:48:25.423Z","0.0.1":"2015-07-31T23:48:25.423Z","0.0.2":"2015-08-01T17:29:44.432Z","0.0.3":"2015-08-03T20:51:14.417Z","0.0.4":"2015-08-13T03:14:18.087Z","0.0.5":"2015-08-14T00:36:29.406Z","0.0.6":"2015-08-18T05:18:28.954Z","0.0.7":"2015-08-18T20:52:39.765Z","0.1.0":"2015-09-24T01:46:07.349Z","0.2.0":"2016-02-23T22:37:53.640Z","0.3.0":"2016-03-09T16:02:53.106Z","0.4.0":"2016-04-18T15:06:44.400Z","0.5.0":"2016-04-21T02:50:37.458Z","0.6.0":"2016-04-25T19:00:04.738Z","0.6.1":"2016-07-28T15:36:55.791Z","0.6.2":"2016-07-28T16:40:38.326Z","0.6.3":"2016-08-18T00:36:49.455Z","0.7.0":"2016-09-07T13:31:22.835Z","0.7.1":"2016-09-07T13:35:41.880Z","0.7.2":"2016-10-06T21:35:42.034Z","0.8.0":"2016-10-17T21:42:58.916Z","0.9.0":"2017-02-27T08:43:23.816Z","0.9.2":"2017-03-02T12:56:53.430Z","0.9.3":"2017-03-08T02:34:45.344Z","0.9.4":"2017-03-08T03:14:29.439Z","0.9.5":"2017-03-08T03:27:19.141Z","0.10.0":"2017-03-15T03:22:14.363Z","0.11.0":"2017-03-23T13:26:39.901Z","0.12.0":"2017-03-29T17:35:15.371Z","0.12.1":"2017-04-13T16:42:47.680Z","0.12.2":"2017-04-15T18:01:44.379Z","0.12.3":"2017-05-09T17:37:10.213Z","0.12.4":"2017-05-10T14:25:49.801Z","0.12.5":"2017-07-03T16:22:02.302Z","0.12.6":"2017-08-23T00:06:15.897Z","0.12.7":"2017-11-13T19:48:39.108Z","0.12.8":"2018-01-18T13:46:44.250Z","0.13.0":"2018-03-20T15:35:14.027Z","0.14.0":"2018-03-20T15:37:57.860Z"},"homepage":"https://github.com/atom/etch","keywords":["virtual-dom dom view element custom-elements dom-diff atom electron"],"repository":{"type":"git","url":"git+https://github.com/atom/etch.git"},"author":{"name":"Nathan Sobo","email":"nathan@github.com"},"bugs":{"url":"https://github.com/atom/etch/issues"},"license":"MIT","readmeFilename":"README.md","users":{"thomasjo":true,"positive07":true,"dunstontc":true,"seldszar":true,"madalin":true},"_attachments":{},"_etag":"W/\"7e44fff057d36deb5590df643d9b6f9f\"","_lastModified":"Sat, 26 May 2018 07:48:18 GMT"}