{"_id":"header-case","_rev":"2-0c7bb2ab5112e98934b83095bf580c3b","name":"header-case","description":"Header case a string","dist-tags":{"latest":"1.0.1"},"versions":{"1.0.0":{"name":"header-case","version":"1.0.0","description":"Header case a string","main":"header-case.js","typings":"header-case.d.ts","files":["header-case.js","header-case.d.ts","LICENSE"],"scripts":{"lint":"standard","test-spec":"mocha -- -R spec --bail","test-cov":"istanbul cover node_modules/mocha/bin/_mocha -- -R spec --bail","test":"npm run lint && npm run test-cov"},"repository":{"type":"git","url":"git://github.com/blakeembrey/header-case.git"},"keywords":["header","case","upper","http"],"author":{"name":"Blake Embrey","email":"hello@blakeembrey.com","url":"http://blakeembrey.me"},"license":"MIT","bugs":{"url":"https://github.com/blakeembrey/header-case/issues"},"homepage":"https://github.com/blakeembrey/header-case","devDependencies":{"istanbul":"^0.4.3","mocha":"^2.2.1","standard":"^7.1.2"},"dependencies":{"no-case":"^2.2.0","upper-case":"^1.1.3"},"gitHead":"9323b0d908a1bcbe52948c8a77896b5206d46a29","_id":"header-case@1.0.0","_shasum":"d9e335909505d56051ec16a0106821889e910781","_from":".","_npmVersion":"3.9.3","_nodeVersion":"6.2.1","_npmUser":{"name":"blakeembrey","email":"hello@blakeembrey.com"},"dist":{"shasum":"d9e335909505d56051ec16a0106821889e910781","tarball":"https://registry.npmjs.org/header-case/-/header-case-1.0.0.tgz"},"maintainers":[{"name":"blakeembrey","email":"hello@blakeembrey.com"}],"_npmOperationalInternal":{"host":"packages-16-east.internal.npmjs.com","tmp":"tmp/header-case-1.0.0.tgz_1465693933154_0.670644786208868"},"directories":{}},"1.0.1":{"name":"header-case","version":"1.0.1","description":"Header case a string","main":"header-case.js","typings":"header-case.d.ts","files":["header-case.js","header-case.d.ts","LICENSE"],"scripts":{"lint":"standard","test-spec":"mocha -- -R spec --bail","test-cov":"istanbul cover node_modules/mocha/bin/_mocha -- -R spec --bail","test":"npm run lint && npm run test-cov"},"repository":{"type":"git","url":"git://github.com/blakeembrey/header-case.git"},"keywords":["header","case","upper","http"],"author":{"name":"Blake Embrey","email":"hello@blakeembrey.com","url":"http://blakeembrey.me"},"license":"MIT","bugs":{"url":"https://github.com/blakeembrey/header-case/issues"},"homepage":"https://github.com/blakeembrey/header-case","devDependencies":{"istanbul":"^0.4.3","mocha":"^3.0.0","standard":"^9.0.1"},"dependencies":{"no-case":"^2.2.0","upper-case":"^1.1.3"},"gitHead":"60bc941c26363c89d57ba7936b9342faa63757c6","_id":"header-case@1.0.1","_shasum":"9535973197c144b09613cd65d317ef19963bd02d","_from":".","_npmVersion":"3.10.10","_nodeVersion":"7.3.0","_npmUser":{"name":"blakeembrey","email":"hello@blakeembrey.com"},"dist":{"shasum":"9535973197c144b09613cd65d317ef19963bd02d","tarball":"https://registry.npmjs.org/header-case/-/header-case-1.0.1.tgz"},"maintainers":[{"name":"blakeembrey","email":"hello@blakeembrey.com"}],"_npmOperationalInternal":{"host":"packages-12-west.internal.npmjs.com","tmp":"tmp/header-case-1.0.1.tgz_1489797269558_0.8118089793715626"},"directories":{}}},"readme":"# Header Case\n\n[![NPM version][npm-image]][npm-url]\n[![NPM downloads][downloads-image]][downloads-url]\n[![Build status][travis-image]][travis-url]\n[![Test coverage][coveralls-image]][coveralls-url]\n\nHeader case a string.\n\nSupports Unicode (non-ASCII characters) and non-string entities, such as objects with a `toString` property, numbers and booleans. Empty values (`null` and `undefined`) will result in an empty string.\n\n## Installation\n\n```\nnpm install header-case --save\n```\n\n## Usage\n\n```javascript\nvar headerCase = require('header-case')\n\nheaderCase('string')     //=> \"String\"\nheaderCase('PascalCase') //=> \"Pascal-Case\"\n\nheaderCase('MY_STRING', 'tr') //=> \"My-Strıng\"\n```\n\n## Typings\n\nIncludes a [TypeScript definition](header-case.d.ts).\n\n## License\n\nMIT\n\n[npm-image]: https://img.shields.io/npm/v/header-case.svg?style=flat\n[npm-url]: https://npmjs.org/package/header-case\n[downloads-image]: https://img.shields.io/npm/dm/header-case.svg?style=flat\n[downloads-url]: https://npmjs.org/package/header-case\n[travis-image]: https://img.shields.io/travis/blakeembrey/header-case.svg?style=flat\n[travis-url]: https://travis-ci.org/blakeembrey/header-case\n[coveralls-image]: https://img.shields.io/coveralls/blakeembrey/header-case.svg?style=flat\n[coveralls-url]: https://coveralls.io/r/blakeembrey/header-case?branch=master\n","maintainers":[{"name":"blakeembrey","email":"hello@blakeembrey.com"}],"time":{"modified":"2017-03-18T00:34:29.805Z","created":"2016-06-12T01:12:15.745Z","1.0.0":"2016-06-12T01:12:15.745Z","1.0.1":"2017-03-18T00:34:29.805Z"},"homepage":"https://github.com/blakeembrey/header-case","keywords":["header","case","upper","http"],"repository":{"type":"git","url":"git://github.com/blakeembrey/header-case.git"},"author":{"name":"Blake Embrey","email":"hello@blakeembrey.com","url":"http://blakeembrey.me"},"bugs":{"url":"https://github.com/blakeembrey/header-case/issues"},"license":"MIT","readmeFilename":"README.md","_attachments":{},"_etag":"W/\"a44ccff1d25ff7f0bf3b1e96f7f6337d\"","_lastModified":"Sun, 27 May 2018 03:37:52 GMT"}