{"digest":"35e8961d68a6a10a451743fa7052ff050204d896","css":".github-CacheView {\n  width: 100%;\n  height: 100%;\n  overflow-y: auto;\n}\n.github-CacheView header {\n  text-align: center;\n  border-bottom: 1px solid #181a1f;\n  padding: 10px;\n}\n.github-CacheView-Controls {\n  padding: 0 10px;\n  text-align: right;\n}\n.github-CacheView-Clear {\n  margin-left: 1em;\n}\n.github-CacheView-Order select {\n  margin-left: 0.5em;\n}\n.github-CacheView table {\n  margin: 10px 20px;\n  width: 90%;\n}\n.github-CacheView thead {\n  color: #d7dae0;\n  background-color: #31363f;\n  font-weight: bold;\n}\n.github-CacheView td {\n  padding: 5px;\n  vertical-align: top;\n}\n.github-CacheView-Key button {\n  width: 100%;\n  font-family: monospace;\n  text-align: left;\n}\n.github-CacheView-Age {\n  min-width: 100px;\n}\n.github-CacheView-Hits {\n  min-width: 50px;\n}\n.github-CacheView-Content {\n  white-space: pre-wrap;\n  max-height: 100px;\n  overflow-y: scroll;\n}\n","imports":[{"path":"static\\variables\\ui-variables.less","digest":"b28ed6c38c4cfce23f83a1b012a3968aa63fce4c"},{"path":"static\\variables\\syntax-variables.less","digest":"812c1b7883a023f768773d14294653adcdb932d7"},{"path":"node_modules\\github\\styles\\variables.less","digest":"9ee4e4579d5fd51444f9269f6fa5074eda5bd98d"},{"path":"static\\variables\\ui-variables.less","digest":"b28ed6c38c4cfce23f83a1b012a3968aa63fce4c"},{"path":"static\\variables\\syntax-variables.less","digest":"812c1b7883a023f768773d14294653adcdb932d7"},{"path":"node_modules\\one-dark-ui\\styles\\ui-variables.less","digest":"f0cd54bb3195577225c676e2ba1a5f91fdd4a1ab"},{"path":"node_modules\\one-dark-ui\\styles\\ui-variables-custom.less","digest":"912cd9b31c4db8b551f47b4d0ced938a6b62dc95"},{"path":"node_modules\\one-dark-syntax\\styles\\syntax-variables.less","digest":"4737e2c84347b1a399426a81fc903dd3ce1abb52"},{"path":"node_modules\\one-dark-syntax\\styles\\colors.less","digest":"66bba03e9aabff000a84c2839a9d3e9a9fa08e0e"},{"path":"node_modules\\one-dark-syntax\\styles\\syntax-variables.less","digest":"4737e2c84347b1a399426a81fc903dd3ce1abb52"}],"version":1}