{"digest":"f26f8ef82e3d54942a7411d4dae9cdc93c3e6e7c","css":".github-FilePatchView {\n  display: flex;\n  flex-direction: column;\n  -webkit-user-select: none;\n  cursor: default;\n  flex: 1;\n  min-width: 0;\n}\n.github-FilePatchView-header {\n  display: flex;\n  justify-content: space-between;\n  align-items: center;\n  padding: 5px;\n  padding-left: 10px;\n  border-bottom: 1px solid #181a1f;\n}\n.github-FilePatchView-header .btn {\n  font-size: .9em;\n}\n.github-FilePatchView-header .btn.icon-move-up::before,\n.github-FilePatchView-header .btn.icon-move-down::before {\n  font-size: 1em;\n  margin-right: .5em;\n}\n.github-FilePatchView-title {\n  flex: 1;\n  overflow: hidden;\n  text-overflow: ellipsis;\n  white-space: nowrap;\n  margin-right: 10px;\n}\n.github-FilePatchView-container {\n  flex: 1;\n  overflow-y: auto;\n  display: flex;\n  flex-direction: column;\n}\n.github-FilePatchView-container .is-blank,\n.github-FilePatchView-container .large-file-patch {\n  flex: 1;\n  display: flex;\n  align-items: center;\n  justify-content: center;\n  text-align: center;\n  font-size: 1.2em;\n  padding: 10px;\n}\n.github-FilePatchView-container .large-file-patch {\n  flex-direction: column;\n}\n.github-FilePatchView-meta {\n  padding: 10px;\n  border-bottom: 1px solid #181a1f;\n}\n.github-FilePatchView-metaContainer {\n  border: 1px solid #181a1f;\n  border-radius: 3px;\n}\n.github-FilePatchView-metaHeader {\n  display: flex;\n  align-items: center;\n  padding: 10px;\n  background-color: #31363f;\n}\n.github-FilePatchView-metaTitle {\n  flex: 1;\n  margin: 0;\n  font-size: 1.25em;\n  line-height: 1.5;\n  overflow: hidden;\n  text-overflow: ellipsis;\n  white-space: nowrap;\n}\n.github-FilePatchView-metaControls {\n  margin-left: 10px;\n}\n.github-FilePatchView-metaControls .btn.icon-move-up::before,\n.github-FilePatchView-metaControls .btn.icon-move-down::before {\n  font-size: 1em;\n  margin-right: .5em;\n  vertical-align: baseline;\n}\n.github-FilePatchView-metaDetails {\n  padding: 10px;\n}\n.github-FilePatchView-metaDiff {\n  margin: 0 .2em;\n  padding: .2em .4em;\n  line-height: 1.6;\n  border-radius: 3px;\n}\n.github-FilePatchView-metaDiff--added {\n  color: #9bd0b0;\n  background-color: #294337;\n}\n.github-FilePatchView-metaDiff--removed {\n  color: #ef9284;\n  background-color: #4a2f33;\n}\n.github-FilePatchView-metaDiff--fullWidth {\n  display: block;\n  margin: 5px 0 0 0;\n}\n.github-FilePatchView-metaDiff--fullWidth:first-child {\n  margin-top: 0;\n}\n.github-FilePatchView-metaDiff code {\n  margin: 0 .2em;\n  padding: 0 .2em;\n  font-size: .9em;\n  color: inherit;\n  line-height: 1;\n  vertical-align: middle;\n  word-break: break-all;\n  background-color: #282c34;\n}\n","imports":[{"path":"static\\variables\\ui-variables.less","digest":"b28ed6c38c4cfce23f83a1b012a3968aa63fce4c"},{"path":"static\\variables\\syntax-variables.less","digest":"812c1b7883a023f768773d14294653adcdb932d7"},{"path":"node_modules\\github\\styles\\variables.less","digest":"9ee4e4579d5fd51444f9269f6fa5074eda5bd98d"},{"path":"static\\variables\\ui-variables.less","digest":"b28ed6c38c4cfce23f83a1b012a3968aa63fce4c"},{"path":"static\\variables\\syntax-variables.less","digest":"812c1b7883a023f768773d14294653adcdb932d7"},{"path":"node_modules\\one-dark-ui\\styles\\ui-variables.less","digest":"f0cd54bb3195577225c676e2ba1a5f91fdd4a1ab"},{"path":"node_modules\\one-dark-ui\\styles\\ui-variables-custom.less","digest":"912cd9b31c4db8b551f47b4d0ced938a6b62dc95"},{"path":"node_modules\\one-dark-syntax\\styles\\syntax-variables.less","digest":"4737e2c84347b1a399426a81fc903dd3ce1abb52"},{"path":"node_modules\\one-dark-syntax\\styles\\colors.less","digest":"66bba03e9aabff000a84c2839a9d3e9a9fa08e0e"},{"path":"node_modules\\one-dark-syntax\\styles\\syntax-variables.less","digest":"4737e2c84347b1a399426a81fc903dd3ce1abb52"}],"version":1}