{"digest":"43d49a3f33510ca56adc2bcf272d9377f82938d0","css":".github-IssueishTooltip {\n  max-width: 500px;\n  text-align: left;\n}\n.github-IssueishTooltip .issueish-badge-and-link {\n  padding-bottom: 10px;\n}\n.github-IssueishTooltip .issueish-badge {\n  align-self: flex-start;\n  flex-shrink: 0;\n  margin-right: 10px;\n  font-weight: bold;\n  text-transform: capitalize;\n  border-radius: 3px;\n}\n.github-IssueishTooltip .issueish-badge.open {\n  color: white;\n  background-color: #28a745;\n}\n.github-IssueishTooltip .issueish-badge.closed {\n  color: white;\n  background-color: #dc3545;\n}\n.github-IssueishTooltip .issueish-badge.merged {\n  color: white;\n  background-color: #6f42c1;\n}\n.github-IssueishTooltip .issueish-title {\n  margin: 0;\n  padding-bottom: 10px;\n  line-height: 1.2;\n  display: block;\n  overflow: hidden;\n  text-overflow: ellipsis;\n  white-space: nowrap;\n}\n.github-IssueishTooltip .author-avatar {\n  margin-right: 10px;\n  width: 20px;\n  height: 20px;\n}\n","imports":[{"path":"static\\variables\\ui-variables.less","digest":"b28ed6c38c4cfce23f83a1b012a3968aa63fce4c"},{"path":"static\\variables\\syntax-variables.less","digest":"812c1b7883a023f768773d14294653adcdb932d7"},{"path":"node_modules\\github\\styles\\variables.less","digest":"9ee4e4579d5fd51444f9269f6fa5074eda5bd98d"},{"path":"static\\variables\\ui-variables.less","digest":"b28ed6c38c4cfce23f83a1b012a3968aa63fce4c"},{"path":"static\\variables\\syntax-variables.less","digest":"812c1b7883a023f768773d14294653adcdb932d7"},{"path":"node_modules\\one-dark-ui\\styles\\ui-variables.less","digest":"f0cd54bb3195577225c676e2ba1a5f91fdd4a1ab"},{"path":"node_modules\\one-dark-ui\\styles\\ui-variables-custom.less","digest":"912cd9b31c4db8b551f47b4d0ced938a6b62dc95"},{"path":"node_modules\\one-dark-syntax\\styles\\syntax-variables.less","digest":"4737e2c84347b1a399426a81fc903dd3ce1abb52"},{"path":"node_modules\\one-dark-syntax\\styles\\colors.less","digest":"66bba03e9aabff000a84c2839a9d3e9a9fa08e0e"},{"path":"node_modules\\one-dark-syntax\\styles\\syntax-variables.less","digest":"4737e2c84347b1a399426a81fc903dd3ce1abb52"}],"version":1}