{"digest":"fcfbd015c3136813441bacb738856357318e1533","css":"/* Usage: ---------------------------------------------\n\n<div className=\"github-Loader\">\n  <span className=\"github-Spinner\"></span>\n</div>\n\n--------------------------------------------------- */\n.github-Loader {\n  height: 100%;\n  display: flex;\n  align-items: center;\n  justify-content: center;\n  font-size: 32px;\n  color: #6f42c1;\n}\n.tooltip .github-Loader {\n  color: inherit;\n}\n.github-Spinner {\n  position: relative;\n  display: inline-block;\n  vertical-align: middle;\n  width: 2em;\n  height: 2em;\n}\n.github-Spinner::before {\n  display: inline-block;\n  width: inherit;\n  height: inherit;\n  content: \"\\f008\";\n  font-family: 'Octicons Regular';\n  font-weight: normal;\n  font-style: normal;\n  line-height: 2;\n  text-align: center;\n  -webkit-font-smoothing: antialiased;\n}\n.github-Spinner::after {\n  content: \"\";\n  position: absolute;\n  width: inherit;\n  height: inherit;\n  top: 0;\n  left: 0;\n  border-right: 2px dotted;\n  border-bottom: 2px dotted;\n  border-left: 2px solid transparent;\n  border-radius: 1em;\n  animation: github-Spinner-animation 4s linear 12, github-Spinner-animation 4s 48s steps(12) 100;\n}\n@keyframes github-Spinner-animation {\n  100% {\n    transform: rotate(360deg);\n  }\n}\n","imports":[{"path":"static\\variables\\ui-variables.less","digest":"b28ed6c38c4cfce23f83a1b012a3968aa63fce4c"},{"path":"static\\variables\\syntax-variables.less","digest":"812c1b7883a023f768773d14294653adcdb932d7"},{"path":"node_modules\\github\\styles\\variables.less","digest":"9ee4e4579d5fd51444f9269f6fa5074eda5bd98d"},{"path":"static\\variables\\ui-variables.less","digest":"b28ed6c38c4cfce23f83a1b012a3968aa63fce4c"},{"path":"static\\variables\\syntax-variables.less","digest":"812c1b7883a023f768773d14294653adcdb932d7"},{"path":"node_modules\\one-dark-ui\\styles\\ui-variables.less","digest":"f0cd54bb3195577225c676e2ba1a5f91fdd4a1ab"},{"path":"node_modules\\one-dark-ui\\styles\\ui-variables-custom.less","digest":"912cd9b31c4db8b551f47b4d0ced938a6b62dc95"},{"path":"node_modules\\one-dark-syntax\\styles\\syntax-variables.less","digest":"4737e2c84347b1a399426a81fc903dd3ce1abb52"},{"path":"node_modules\\one-dark-syntax\\styles\\colors.less","digest":"66bba03e9aabff000a84c2839a9d3e9a9fa08e0e"},{"path":"node_modules\\one-dark-syntax\\styles\\syntax-variables.less","digest":"4737e2c84347b1a399426a81fc903dd3ce1abb52"}],"version":1}