{"_id":"camel-case","_rev":"29-0e4a6801eec6643422bc88227146a35a","name":"camel-case","description":"Camel case a string","dist-tags":{"latest":"3.0.0"},"versions":{"0.0.1":{"name":"camel-case","version":"0.0.1","description":"Camel case a string","main":"camel-case.js","scripts":{"test":"istanbul cover _mocha -- -R spec"},"repository":{"type":"git","url":"git://github.com/blakeembrey/camel-case.git"},"keywords":["camel","case"],"author":{"name":"Blake Embrey"},"license":"MIT","bugs":{"url":"https://github.com/blakeembrey/camel-case/issues"},"homepage":"https://github.com/blakeembrey/camel-case","devDependencies":{"istanbul":"^0.2.6","mocha":"^1.18.2"},"dependencies":{"sentence-case":"0.0.1"},"_id":"camel-case@0.0.1","dist":{"shasum":"6234e47624573e03d7ecac073176a8d1176b4b76","tarball":"https://registry.npmjs.org/camel-case/-/camel-case-0.0.1.tgz"},"_from":".","_npmVersion":"1.4.6","_npmUser":{"name":"blakeembrey","email":"hello@blakeembrey.com"},"maintainers":[{"name":"blakeembrey","email":"hello@blakeembrey.com"}],"directories":{}},"0.0.2":{"name":"camel-case","version":"0.0.2","description":"Camel case a string","main":"camel-case.js","scripts":{"test":"istanbul cover _mocha -- -R spec"},"repository":{"type":"git","url":"git://github.com/blakeembrey/camel-case.git"},"keywords":["camel","case"],"author":{"name":"Blake Embrey"},"license":"MIT","bugs":{"url":"https://github.com/blakeembrey/camel-case/issues"},"homepage":"https://github.com/blakeembrey/camel-case","devDependencies":{"istanbul":"^0.2.6","mocha":"^1.18.2"},"dependencies":{"sentence-case":"0.0.2"},"_id":"camel-case@0.0.2","dist":{"shasum":"f85413e63996ace087c54163c93bc15ab6523ed6","tarball":"https://registry.npmjs.org/camel-case/-/camel-case-0.0.2.tgz"},"_from":".","_npmVersion":"1.4.6","_npmUser":{"name":"blakeembrey","email":"hello@blakeembrey.com"},"maintainers":[{"name":"blakeembrey","email":"hello@blakeembrey.com"}],"directories":{}},"0.1.0":{"name":"camel-case","version":"0.1.0","description":"Camel case a string","main":"camel-case.js","scripts":{"test":"istanbul cover _mocha -- -R spec"},"repository":{"type":"git","url":"git://github.com/blakeembrey/camel-case.git"},"keywords":["camel","case"],"author":{"name":"Blake Embrey"},"license":"MIT","bugs":{"url":"https://github.com/blakeembrey/camel-case/issues"},"homepage":"https://github.com/blakeembrey/camel-case","devDependencies":{"istanbul":"^0.2.6","mocha":"^1.18.2"},"dependencies":{"sentence-case":"^0.1.1"},"_id":"camel-case@0.1.0","dist":{"shasum":"ecc04d6fc1fadb0067147b1a22571f307a9f3861","tarball":"https://registry.npmjs.org/camel-case/-/camel-case-0.1.0.tgz"},"_from":".","_npmVersion":"1.4.6","_npmUser":{"name":"blakeembrey","email":"hello@blakeembrey.com"},"maintainers":[{"name":"blakeembrey","email":"hello@blakeembrey.com"}],"directories":{}},"1.0.0":{"name":"camel-case","version":"1.0.0","description":"Camel case a string","main":"camel-case.js","scripts":{"test":"istanbul cover _mocha -- -R spec"},"repository":{"type":"git","url":"git://github.com/blakeembrey/camel-case.git"},"keywords":["camel","case"],"author":{"name":"Blake Embrey","email":"hello@blakeembrey.com","url":"http://blakeembrey.me"},"license":"MIT","bugs":{"url":"https://github.com/blakeembrey/camel-case/issues"},"homepage":"https://github.com/blakeembrey/camel-case","devDependencies":{"istanbul":"^0.2.6","mocha":"^1.18.2"},"dependencies":{"sentence-case":"^0.1.1"},"gitHead":"db99be06bcabd47b74587fc342eacc8e7b56e16e","_id":"camel-case@1.0.0","_shasum":"c26acc724ddf8a7e5ad5eeebfda6457e975053ce","_from":".","_npmVersion":"1.4.14","_npmUser":{"name":"blakeembrey","email":"hello@blakeembrey.com"},"maintainers":[{"name":"blakeembrey","email":"hello@blakeembrey.com"}],"dist":{"shasum":"c26acc724ddf8a7e5ad5eeebfda6457e975053ce","tarball":"https://registry.npmjs.org/camel-case/-/camel-case-1.0.0.tgz"},"directories":{}},"1.0.1":{"name":"camel-case","version":"1.0.1","description":"Camel case a string","main":"camel-case.js","scripts":{"test":"istanbul cover _mocha -- -R spec"},"repository":{"type":"git","url":"git://github.com/blakeembrey/camel-case.git"},"keywords":["camel","case"],"author":{"name":"Blake Embrey","email":"hello@blakeembrey.com","url":"http://blakeembrey.me"},"license":"MIT","bugs":{"url":"https://github.com/blakeembrey/camel-case/issues"},"homepage":"https://github.com/blakeembrey/camel-case","devDependencies":{"istanbul":"^0.3.0","mocha":"^1.18.2"},"dependencies":{"sentence-case":"^1.0.0"},"gitHead":"164f895a1b5b0ae42134fc52a8b79dd1378cac49","_id":"camel-case@1.0.1","_shasum":"24b85d2416245136c04bccfdba92fb23709a451e","_from":".","_npmVersion":"1.4.14","_npmUser":{"name":"blakeembrey","email":"hello@blakeembrey.com"},"maintainers":[{"name":"blakeembrey","email":"hello@blakeembrey.com"}],"dist":{"shasum":"24b85d2416245136c04bccfdba92fb23709a451e","tarball":"https://registry.npmjs.org/camel-case/-/camel-case-1.0.1.tgz"},"directories":{}},"1.0.2":{"name":"camel-case","version":"1.0.2","description":"Camel case a string","main":"camel-case.js","scripts":{"test":"istanbul cover _mocha -- -R spec"},"repository":{"type":"git","url":"git://github.com/blakeembrey/camel-case.git"},"keywords":["camel","case"],"author":{"name":"Blake Embrey","email":"hello@blakeembrey.com","url":"http://blakeembrey.me"},"license":"MIT","bugs":{"url":"https://github.com/blakeembrey/camel-case/issues"},"homepage":"https://github.com/blakeembrey/camel-case","devDependencies":{"istanbul":"^0.3.0","mocha":"^1.18.2"},"dependencies":{"sentence-case":"^1.0.2"},"_id":"camel-case@1.0.2","_shasum":"700f8c6e3e4f242a0951ac709034ba12d28fd02a","_from":".","_npmVersion":"1.4.9","_npmUser":{"name":"blakeembrey","email":"hello@blakeembrey.com"},"maintainers":[{"name":"blakeembrey","email":"hello@blakeembrey.com"}],"dist":{"shasum":"700f8c6e3e4f242a0951ac709034ba12d28fd02a","tarball":"https://registry.npmjs.org/camel-case/-/camel-case-1.0.2.tgz"},"directories":{}},"1.1.0":{"name":"camel-case","version":"1.1.0","description":"Camel case a string","main":"camel-case.js","scripts":{"test":"istanbul cover _mocha -- -R spec"},"repository":{"type":"git","url":"git://github.com/blakeembrey/camel-case.git"},"keywords":["camel","case","camelcase","camel-case","dash","hyphen","dot","underscore","lodash","separator","string","text","convert"],"author":{"name":"Blake Embrey","email":"hello@blakeembrey.com","url":"http://blakeembrey.me"},"license":"MIT","bugs":{"url":"https://github.com/blakeembrey/camel-case/issues"},"homepage":"https://github.com/blakeembrey/camel-case","devDependencies":{"istanbul":"^0.3.0","mocha":"^1.18.2","pre-commit":"0.0.9"},"dependencies":{"sentence-case":"^1.1.1","upper-case":"^1.1.1"},"gitHead":"7c136aaf22f42a3177fca08c30847027dbd65fe4","_id":"camel-case@1.1.0","_shasum":"f700f3f0be52c25510145d8aa07ab1a9b23b6ff1","_from":".","_npmVersion":"2.1.17","_nodeVersion":"0.11.14","_npmUser":{"name":"blakeembrey","email":"hello@blakeembrey.com"},"maintainers":[{"name":"blakeembrey","email":"hello@blakeembrey.com"}],"dist":{"shasum":"f700f3f0be52c25510145d8aa07ab1a9b23b6ff1","tarball":"https://registry.npmjs.org/camel-case/-/camel-case-1.1.0.tgz"},"directories":{}},"1.1.1":{"name":"camel-case","version":"1.1.1","description":"Camel case a string","main":"camel-case.js","files":["camel-case.js","LICENSE"],"scripts":{"test":"istanbul cover _mocha -- -R spec"},"repository":{"type":"git","url":"git://github.com/blakeembrey/camel-case.git"},"keywords":["camel","case","camelcase","camel-case","dash","hyphen","dot","underscore","lodash","separator","string","text","convert"],"author":{"name":"Blake Embrey","email":"hello@blakeembrey.com","url":"http://blakeembrey.me"},"license":"MIT","bugs":{"url":"https://github.com/blakeembrey/camel-case/issues"},"homepage":"https://github.com/blakeembrey/camel-case","devDependencies":{"istanbul":"^0.3.0","mocha":"^1.18.2","pre-commit":"0.0.9"},"dependencies":{"sentence-case":"^1.1.1","upper-case":"^1.1.1"},"gitHead":"2e20ae865f2ec30ba8452cf6cf92e77ae29b12ad","_id":"camel-case@1.1.1","_shasum":"0035dd78f24ac4c530d134b726cc39b6c7994c34","_from":".","_npmVersion":"2.1.17","_nodeVersion":"0.11.14","_npmUser":{"name":"blakeembrey","email":"hello@blakeembrey.com"},"maintainers":[{"name":"blakeembrey","email":"hello@blakeembrey.com"}],"dist":{"shasum":"0035dd78f24ac4c530d134b726cc39b6c7994c34","tarball":"https://registry.npmjs.org/camel-case/-/camel-case-1.1.1.tgz"},"directories":{}},"1.1.2":{"name":"camel-case","version":"1.1.2","description":"Camel case a string","main":"camel-case.js","files":["camel-case.js","LICENSE"],"scripts":{"lint":"standard","test-std":"mocha -- -R spec --bail","test-cov":"istanbul cover node_modules/mocha/bin/_mocha -- -R spec --bail","test":"npm run lint && npm run test-cov"},"repository":{"type":"git","url":"git://github.com/blakeembrey/camel-case.git"},"keywords":["camel","case","camelcase","camel-case","dash","hyphen","dot","underscore","lodash","separator","string","text","convert"],"author":{"name":"Blake Embrey","email":"hello@blakeembrey.com","url":"http://blakeembrey.me"},"license":"MIT","bugs":{"url":"https://github.com/blakeembrey/camel-case/issues"},"homepage":"https://github.com/blakeembrey/camel-case","devDependencies":{"istanbul":"^0.3.0","mocha":"^2.2.1","pre-commit":"^1.0.6","standard":"^3.3.0"},"dependencies":{"sentence-case":"^1.1.1","upper-case":"^1.1.1"},"gitHead":"46c7454979db430a08ae449276e9f1e2b0771e25","_id":"camel-case@1.1.2","_shasum":"6129245add2f3f0cb352933e727b0ca8c76bf8bf","_from":".","_npmVersion":"2.9.0","_nodeVersion":"2.0.1","_npmUser":{"name":"blakeembrey","email":"hello@blakeembrey.com"},"maintainers":[{"name":"blakeembrey","email":"hello@blakeembrey.com"}],"dist":{"shasum":"6129245add2f3f0cb352933e727b0ca8c76bf8bf","tarball":"https://registry.npmjs.org/camel-case/-/camel-case-1.1.2.tgz"},"directories":{}},"1.2.0":{"name":"camel-case","version":"1.2.0","description":"Camel case a string","main":"camel-case.js","files":["camel-case.js","LICENSE"],"scripts":{"lint":"standard","test-std":"mocha -- -R spec --bail","test-cov":"istanbul cover node_modules/mocha/bin/_mocha -- -R spec --bail","test":"npm run lint && npm run test-cov"},"repository":{"type":"git","url":"git://github.com/blakeembrey/camel-case.git"},"keywords":["camel","case","camelcase","camel-case","dash","hyphen","dot","underscore","lodash","separator","string","text","convert"],"author":{"name":"Blake Embrey","email":"hello@blakeembrey.com","url":"http://blakeembrey.me"},"license":"MIT","bugs":{"url":"https://github.com/blakeembrey/camel-case/issues"},"homepage":"https://github.com/blakeembrey/camel-case","devDependencies":{"istanbul":"^0.3.0","mocha":"^2.2.1","pre-commit":"^1.0.6","standard":"^3.3.0"},"dependencies":{"sentence-case":"^1.1.1","upper-case":"^1.1.1"},"gitHead":"db857c209ade1ae5cf6fecafab23e0b12a28697d","_id":"camel-case@1.2.0","_shasum":"b53c17e3f9c22f457ec42707c60864556a3335b7","_from":".","_npmVersion":"2.14.2","_nodeVersion":"4.0.0","_npmUser":{"name":"blakeembrey","email":"hello@blakeembrey.com"},"maintainers":[{"name":"blakeembrey","email":"hello@blakeembrey.com"}],"dist":{"shasum":"b53c17e3f9c22f457ec42707c60864556a3335b7","tarball":"https://registry.npmjs.org/camel-case/-/camel-case-1.2.0.tgz"},"directories":{}},"1.2.1":{"name":"camel-case","version":"1.2.1","description":"Camel case a string","main":"camel-case.js","typings":"camel-case.d.ts","files":["camel-case.js","camel-case.d.ts","LICENSE"],"scripts":{"lint":"standard","test-std":"mocha -- -R spec --bail","test-cov":"istanbul cover node_modules/mocha/bin/_mocha -- -R spec --bail","test":"npm run lint && npm run test-cov"},"repository":{"type":"git","url":"git://github.com/blakeembrey/camel-case.git"},"keywords":["camel","case","camelcase","camel-case","dash","hyphen","dot","underscore","lodash","separator","string","text","convert"],"author":{"name":"Blake Embrey","email":"hello@blakeembrey.com","url":"http://blakeembrey.me"},"license":"MIT","bugs":{"url":"https://github.com/blakeembrey/camel-case/issues"},"homepage":"https://github.com/blakeembrey/camel-case","devDependencies":{"istanbul":"^0.3.0","mocha":"^2.2.1","pre-commit":"^1.0.6","standard":"^3.3.0"},"dependencies":{"sentence-case":"^1.1.1","upper-case":"^1.1.1"},"gitHead":"ff700c508a3c5470129cc4eee1aaee25bf10189d","_id":"camel-case@1.2.1","_shasum":"e805e6fe6c0788996991f3c50cb7d368c5257fff","_from":".","_npmVersion":"3.3.12","_nodeVersion":"5.2.0","_npmUser":{"name":"blakeembrey","email":"hello@blakeembrey.com"},"dist":{"shasum":"e805e6fe6c0788996991f3c50cb7d368c5257fff","tarball":"https://registry.npmjs.org/camel-case/-/camel-case-1.2.1.tgz"},"maintainers":[{"name":"blakeembrey","email":"hello@blakeembrey.com"}],"directories":{}},"1.2.2":{"name":"camel-case","version":"1.2.2","description":"Camel case a string","main":"camel-case.js","typings":"camel-case.d.ts","files":["camel-case.js","camel-case.d.ts","LICENSE"],"scripts":{"lint":"standard","test-std":"mocha -- -R spec --bail","test-cov":"istanbul cover node_modules/mocha/bin/_mocha -- -R spec --bail","test":"npm run lint && npm run test-cov"},"repository":{"type":"git","url":"git://github.com/blakeembrey/camel-case.git"},"keywords":["camel","case","camelcase","camel-case","dash","hyphen","dot","underscore","lodash","separator","string","text","convert"],"author":{"name":"Blake Embrey","email":"hello@blakeembrey.com","url":"http://blakeembrey.me"},"license":"MIT","bugs":{"url":"https://github.com/blakeembrey/camel-case/issues"},"homepage":"https://github.com/blakeembrey/camel-case","devDependencies":{"istanbul":"^0.3.0","mocha":"^2.2.1","pre-commit":"^1.0.6","standard":"^3.3.0"},"dependencies":{"sentence-case":"^1.1.1","upper-case":"^1.1.1"},"gitHead":"7621750e383be5e4b553077a53d546a077fab872","_id":"camel-case@1.2.2","_shasum":"1aca7c4d195359a2ce9955793433c6e5542511f2","_from":".","_npmVersion":"3.3.12","_nodeVersion":"5.2.0","_npmUser":{"name":"blakeembrey","email":"hello@blakeembrey.com"},"dist":{"shasum":"1aca7c4d195359a2ce9955793433c6e5542511f2","tarball":"https://registry.npmjs.org/camel-case/-/camel-case-1.2.2.tgz"},"maintainers":[{"name":"blakeembrey","email":"hello@blakeembrey.com"}],"directories":{}},"2.0.0":{"name":"camel-case","version":"2.0.0","description":"Camel case a string","main":"camel-case.js","typings":"camel-case.d.ts","files":["camel-case.js","camel-case.d.ts","LICENSE"],"scripts":{"lint":"standard","test-spec":"mocha -- -R spec --bail","test-cov":"istanbul cover node_modules/mocha/bin/_mocha -- -R spec --bail","test":"npm run lint && npm run test-cov"},"repository":{"type":"git","url":"git://github.com/blakeembrey/camel-case.git"},"keywords":["camel","case","camelcase","camel-case","dash","hyphen","dot","underscore","lodash","separator","string","text","convert"],"author":{"name":"Blake Embrey","email":"hello@blakeembrey.com","url":"http://blakeembrey.me"},"license":"MIT","bugs":{"url":"https://github.com/blakeembrey/camel-case/issues"},"homepage":"https://github.com/blakeembrey/camel-case","devDependencies":{"istanbul":"^0.3.0","mocha":"^2.2.1","standard":"^3.3.0"},"dependencies":{"no-case":"^2.0.0","upper-case":"^1.1.1"},"gitHead":"b2cfdb79c6b08e0d8f5ccd8ead7a616c4529a470","_id":"camel-case@2.0.0","_shasum":"99b3a3f4fa1031452de20848087e606016b3aa5f","_from":".","_npmVersion":"3.9.3","_nodeVersion":"6.2.1","_npmUser":{"name":"blakeembrey","email":"hello@blakeembrey.com"},"dist":{"shasum":"99b3a3f4fa1031452de20848087e606016b3aa5f","tarball":"https://registry.npmjs.org/camel-case/-/camel-case-2.0.0.tgz"},"maintainers":[{"name":"blakeembrey","email":"hello@blakeembrey.com"}],"_npmOperationalInternal":{"host":"packages-12-west.internal.npmjs.com","tmp":"tmp/camel-case-2.0.0.tgz_1465682040398_0.7212084690108895"},"directories":{}},"2.1.0":{"name":"camel-case","version":"2.1.0","description":"Camel case a string","main":"camel-case.js","typings":"camel-case.d.ts","files":["camel-case.js","camel-case.d.ts","LICENSE"],"scripts":{"lint":"standard","test-spec":"mocha -- -R spec --bail","test-cov":"istanbul cover node_modules/mocha/bin/_mocha -- -R spec --bail","test":"npm run lint && npm run test-cov"},"repository":{"type":"git","url":"git://github.com/blakeembrey/camel-case.git"},"keywords":["camel","case","camelcase","camel-case","dash","hyphen","dot","underscore","lodash","separator","string","text","convert"],"author":{"name":"Blake Embrey","email":"hello@blakeembrey.com","url":"http://blakeembrey.me"},"license":"MIT","bugs":{"url":"https://github.com/blakeembrey/camel-case/issues"},"homepage":"https://github.com/blakeembrey/camel-case","devDependencies":{"istanbul":"^0.4.3","mocha":"^2.2.1","standard":"^7.1.2"},"dependencies":{"no-case":"^2.2.0","upper-case":"^1.1.1"},"gitHead":"1fa6a4bf19d25bcbd7de1eb1b1de43d154a6c684","_id":"camel-case@2.1.0","_shasum":"0a8c8a06c121684815260bd2b772abef25974b4d","_from":".","_npmVersion":"3.9.3","_nodeVersion":"6.2.1","_npmUser":{"name":"blakeembrey","email":"hello@blakeembrey.com"},"dist":{"shasum":"0a8c8a06c121684815260bd2b772abef25974b4d","tarball":"https://registry.npmjs.org/camel-case/-/camel-case-2.1.0.tgz"},"maintainers":[{"name":"blakeembrey","email":"hello@blakeembrey.com"}],"_npmOperationalInternal":{"host":"packages-16-east.internal.npmjs.com","tmp":"tmp/camel-case-2.1.0.tgz_1465691984642_0.9845345632638782"},"directories":{}},"3.0.0":{"name":"camel-case","version":"3.0.0","description":"Camel case a string","main":"camel-case.js","typings":"camel-case.d.ts","files":["camel-case.js","camel-case.d.ts","LICENSE"],"scripts":{"lint":"standard","test-spec":"mocha -- -R spec --bail","test-cov":"istanbul cover node_modules/mocha/bin/_mocha -- -R spec --bail","test":"npm run lint && npm run test-cov"},"repository":{"type":"git","url":"git://github.com/blakeembrey/camel-case.git"},"keywords":["camel","case","camelcase","camel-case","dash","hyphen","dot","underscore","lodash","separator","string","text","convert"],"author":{"name":"Blake Embrey","email":"hello@blakeembrey.com","url":"http://blakeembrey.me"},"license":"MIT","bugs":{"url":"https://github.com/blakeembrey/camel-case/issues"},"homepage":"https://github.com/blakeembrey/camel-case","devDependencies":{"istanbul":"^0.4.3","mocha":"^2.2.1","standard":"^7.1.2"},"dependencies":{"no-case":"^2.2.0","upper-case":"^1.1.1"},"gitHead":"719ebc39a5bf828f794db64bb1a78c8dd8fef133","_id":"camel-case@3.0.0","_shasum":"ca3c3688a4e9cf3a4cda777dc4dcbc713249cf73","_from":".","_npmVersion":"3.9.3","_nodeVersion":"6.2.1","_npmUser":{"name":"blakeembrey","email":"hello@blakeembrey.com"},"dist":{"shasum":"ca3c3688a4e9cf3a4cda777dc4dcbc713249cf73","tarball":"https://registry.npmjs.org/camel-case/-/camel-case-3.0.0.tgz"},"maintainers":[{"name":"blakeembrey","email":"hello@blakeembrey.com"}],"_npmOperationalInternal":{"host":"packages-12-west.internal.npmjs.com","tmp":"tmp/camel-case-3.0.0.tgz_1465692427226_0.6504076849669218"},"directories":{}}},"readme":"# Camel Case\n\n[![NPM version][npm-image]][npm-url]\n[![NPM downloads][downloads-image]][downloads-url]\n[![Build status][travis-image]][travis-url]\n[![Test coverage][coveralls-image]][coveralls-url]\n\nCamel case a string. Explicitly adds a single underscore between groups of numbers to maintain readability and reversibility (E.g. `1.20.5` becomes `1_20_5`, not `1205`), by default.\n\nSupports Unicode (non-ASCII characters) and non-string entities, such as objects with a `toString` property, numbers and booleans. Empty values (`null` and `undefined`) will result in an empty string.\n\n## Installation\n\n### Node\n\n```\nnpm install camel-case --save\n```\n\n## Usage\n\n```javascript\nvar camelCase = require('camel-case')\n\ncamelCase('string')         //=> \"string\"\ncamelCase('dot.case')       //=> \"dotCase\"\ncamelCase('PascalCase')     //=> \"pascalCase\"\ncamelCase('version 1.2.10') //=> \"version_1_2_10\"\n\ncamelCase('STRING 1.2', 'tr') //=> \"strıng_1_2\"\n\ncamelCase('string 1 2 3', null, true) //=> \"string123\"\n```\n\n## Typings\n\nIncludes a [TypeScript definition](camel-case.d.ts).\n\n## License\n\nMIT\n\n[npm-image]: https://img.shields.io/npm/v/camel-case.svg?style=flat\n[npm-url]: https://npmjs.org/package/camel-case\n[downloads-image]: https://img.shields.io/npm/dm/camel-case.svg?style=flat\n[downloads-url]: https://npmjs.org/package/camel-case\n[travis-image]: https://img.shields.io/travis/blakeembrey/camel-case.svg?style=flat\n[travis-url]: https://travis-ci.org/blakeembrey/camel-case\n[coveralls-image]: https://img.shields.io/coveralls/blakeembrey/camel-case.svg?style=flat\n[coveralls-url]: https://coveralls.io/r/blakeembrey/camel-case?branch=master\n","maintainers":[{"name":"blakeembrey","email":"hello@blakeembrey.com"}],"time":{"modified":"2018-02-20T18:05:57.506Z","created":"2014-03-24T22:35:20.984Z","0.0.1":"2014-03-24T22:35:20.984Z","0.0.2":"2014-03-25T02:12:15.457Z","0.1.0":"2014-04-09T09:46:11.671Z","1.0.0":"2014-08-17T18:34:38.703Z","1.0.1":"2014-08-17T19:25:11.931Z","1.0.2":"2014-08-19T13:40:41.204Z","1.1.0":"2015-01-12T08:16:25.752Z","1.1.1":"2015-01-12T08:17:11.890Z","1.1.2":"2015-05-11T23:34:37.712Z","1.2.0":"2015-10-21T01:12:38.014Z","1.2.1":"2015-12-16T00:31:01.839Z","1.2.2":"2015-12-16T00:32:06.801Z","2.0.0":"2016-06-11T21:54:02.635Z","2.1.0":"2016-06-12T00:39:47.287Z","3.0.0":"2016-06-12T00:47:09.751Z"},"homepage":"https://github.com/blakeembrey/camel-case","keywords":["camel","case","camelcase","camel-case","dash","hyphen","dot","underscore","lodash","separator","string","text","convert"],"repository":{"type":"git","url":"git://github.com/blakeembrey/camel-case.git"},"author":{"name":"Blake Embrey","email":"hello@blakeembrey.com","url":"http://blakeembrey.me"},"bugs":{"url":"https://github.com/blakeembrey/camel-case/issues"},"license":"MIT","readmeFilename":"README.md","users":{"loki2302":true,"itonyyo":true,"jtrh":true,"bigdoods":true,"shangsinian":true,"bardleware":true},"_attachments":{},"_etag":"W/\"e482b5ee8dd8bb8e7b3595743a6d40e5\"","_lastModified":"Sat, 26 May 2018 19:18:56 GMT"}