{"_id":"map-stream","_rev":"35-7c7adc7568cb256046f8c622ad8dbba2","name":"map-stream","description":"construct pipes of streams of events","dist-tags":{"latest":"0.0.7"},"versions":{"0.0.1":{"name":"map-stream","version":"0.0.1","description":"construct pipes of streams of events","homepage":"http://github.com/dominictarr/map-stream","repository":{"type":"git","url":"git://github.com/dominictarr/map-stream.git"},"dependencies":{},"devDependencies":{"asynct":"*","it-is":"1","ubelt":"~2.9","stream-spec":"~0.2","event-stream":"~2.1","from":"0.0.2"},"scripts":{"test":"asynct test/"},"author":{"name":"Dominic Tarr","email":"dominic.tarr@gmail.com","url":"http://dominictarr.com"},"_id":"map-stream@0.0.1","dist":{"shasum":"7fd2a254f97e9272aa634717bfc3e73c0662afaa","tarball":"https://registry.npmjs.org/map-stream/-/map-stream-0.0.1.tgz"},"maintainers":[{"name":"dominictarr","email":"dominic.tarr@gmail.com"}],"directories":{}},"0.0.2":{"name":"map-stream","version":"0.0.2","description":"construct pipes of streams of events","homepage":"http://github.com/dominictarr/map-stream","repository":{"type":"git","url":"git://github.com/dominictarr/map-stream.git"},"dependencies":{},"devDependencies":{"asynct":"*","it-is":"1","ubelt":"~2.9","stream-spec":"~0.2","event-stream":"~2.1","from":"0.0.2"},"scripts":{"test":"asynct test/"},"author":{"name":"Dominic Tarr","email":"dominic.tarr@gmail.com","url":"http://dominictarr.com"},"_id":"map-stream@0.0.2","dist":{"shasum":"2fb8d4063cc58eec6953bfab1b2f44271d1c8765","tarball":"https://registry.npmjs.org/map-stream/-/map-stream-0.0.2.tgz"},"_npmVersion":"1.1.70","_npmUser":{"name":"dominictarr","email":"dominic.tarr@gmail.com"},"maintainers":[{"name":"dominictarr","email":"dominic.tarr@gmail.com"}],"directories":{}},"0.0.3":{"name":"map-stream","version":"0.0.3","description":"construct pipes of streams of events","homepage":"http://github.com/dominictarr/map-stream","repository":{"type":"git","url":"git://github.com/dominictarr/map-stream.git"},"dependencies":{},"devDependencies":{"asynct":"*","it-is":"1","ubelt":"~2.9","stream-spec":"~0.2","event-stream":"~2.1","from":"0.0.2"},"scripts":{"test":"asynct test/"},"author":{"name":"Dominic Tarr","email":"dominic.tarr@gmail.com","url":"http://dominictarr.com"},"bugs":{"url":"https://github.com/dominictarr/map-stream/issues"},"_id":"map-stream@0.0.3","dist":{"shasum":"94759c696083c312b3fc3a299e1c64a0423ef1ae","tarball":"https://registry.npmjs.org/map-stream/-/map-stream-0.0.3.tgz"},"_from":".","_npmVersion":"1.3.6","_npmUser":{"name":"dominictarr","email":"dominic.tarr@gmail.com"},"maintainers":[{"name":"dominictarr","email":"dominic.tarr@gmail.com"}],"directories":{}},"0.0.4":{"name":"map-stream","version":"0.0.4","description":"construct pipes of streams of events","homepage":"http://github.com/dominictarr/map-stream","repository":{"type":"git","url":"git://github.com/dominictarr/map-stream.git"},"dependencies":{},"devDependencies":{"asynct":"*","it-is":"1","ubelt":"~2.9","stream-spec":"~0.2","event-stream":"~2.1","from":"0.0.2"},"scripts":{"test":"asynct test/"},"author":{"name":"Dominic Tarr","email":"dominic.tarr@gmail.com","url":"http://dominictarr.com"},"bugs":{"url":"https://github.com/dominictarr/map-stream/issues"},"_id":"map-stream@0.0.4","dist":{"shasum":"5ec6de90213ef6c7b2eb9367e9ade8da4efdb68b","tarball":"https://registry.npmjs.org/map-stream/-/map-stream-0.0.4.tgz"},"_from":".","_npmVersion":"1.3.11","_npmUser":{"name":"dominictarr","email":"dominic.tarr@gmail.com"},"maintainers":[{"name":"dominictarr","email":"dominic.tarr@gmail.com"}],"directories":{}},"0.1.0":{"name":"map-stream","version":"0.1.0","description":"construct pipes of streams of events","homepage":"http://github.com/dominictarr/map-stream","repository":{"type":"git","url":"git://github.com/dominictarr/map-stream.git"},"dependencies":{},"devDependencies":{"asynct":"*","it-is":"1","ubelt":"~2.9","stream-spec":"~0.2","event-stream":"~2.1","from":"0.0.2"},"scripts":{"test":"asynct test/"},"author":{"name":"Dominic Tarr","email":"dominic.tarr@gmail.com","url":"http://dominictarr.com"},"bugs":{"url":"https://github.com/dominictarr/map-stream/issues"},"_id":"map-stream@0.1.0","dist":{"shasum":"e56aa94c4c8055a16404a0674b78f215f7c8e194","tarball":"https://registry.npmjs.org/map-stream/-/map-stream-0.1.0.tgz"},"_from":".","_npmVersion":"1.3.21","_npmUser":{"name":"dominictarr","email":"dominic.tarr@gmail.com"},"maintainers":[{"name":"dominictarr","email":"dominic.tarr@gmail.com"}],"directories":{}},"0.0.5":{"name":"map-stream","version":"0.0.5","license":"MIT","description":"construct pipes of streams of events","homepage":"http://github.com/dominictarr/map-stream","repository":{"type":"git","url":"git://github.com/dominictarr/map-stream.git"},"dependencies":{},"devDependencies":{"asynct":"*","it-is":"1","ubelt":"~2.9","stream-spec":"~0.2","event-stream":"~2.1","from":"0.0.2"},"scripts":{"test":"asynct test/"},"author":{"name":"Dominic Tarr","email":"dominic.tarr@gmail.com","url":"http://dominictarr.com"},"gitHead":"336f8ecdce81f5c66001646871ca73584879b419","bugs":{"url":"https://github.com/dominictarr/map-stream/issues"},"_id":"map-stream@0.0.5","_shasum":"80ffe0f588da32bf006b7f12d9197c5b8725df1c","_from":".","_npmVersion":"1.4.26","_npmUser":{"name":"dominictarr","email":"dominic.tarr@gmail.com"},"maintainers":[{"name":"dominictarr","email":"dominic.tarr@gmail.com"}],"dist":{"shasum":"80ffe0f588da32bf006b7f12d9197c5b8725df1c","tarball":"https://registry.npmjs.org/map-stream/-/map-stream-0.0.5.tgz"},"directories":{}},"0.0.6":{"name":"map-stream","version":"0.0.6","license":"MIT","description":"construct pipes of streams of events","homepage":"http://github.com/dominictarr/map-stream","repository":{"type":"git","url":"git://github.com/dominictarr/map-stream.git"},"dependencies":{},"devDependencies":{"asynct":"*","it-is":"1","ubelt":"~2.9","stream-spec":"~0.2","event-stream":"~2.1","from":"0.0.2"},"scripts":{"test":"asynct test/"},"author":{"name":"Dominic Tarr","email":"dominic.tarr@gmail.com","url":"http://dominictarr.com"},"gitHead":"f9da31c7a60a60ae4e77bcf6f6f87dff1d44895f","bugs":{"url":"https://github.com/dominictarr/map-stream/issues"},"_id":"map-stream@0.0.6","_shasum":"d2ef4eb811a28644c7a8989985c69c2fdd496827","_from":".","_npmVersion":"2.11.3","_nodeVersion":"2.3.1","_npmUser":{"name":"dominictarr","email":"dominic.tarr@gmail.com"},"maintainers":[{"name":"dominictarr","email":"dominic.tarr@gmail.com"}],"dist":{"shasum":"d2ef4eb811a28644c7a8989985c69c2fdd496827","tarball":"https://registry.npmjs.org/map-stream/-/map-stream-0.0.6.tgz"},"directories":{}},"0.0.7":{"name":"map-stream","version":"0.0.7","license":"MIT","description":"construct pipes of streams of events","homepage":"http://github.com/dominictarr/map-stream","repository":{"type":"git","url":"git://github.com/dominictarr/map-stream.git"},"dependencies":{},"devDependencies":{"asynct":"*","it-is":"1","ubelt":"~2.9","stream-spec":"~0.2","event-stream":"~2.1","from":"0.0.2"},"scripts":{"test":"asynct test/"},"author":{"name":"Dominic Tarr","email":"dominic.tarr@gmail.com","url":"http://dominictarr.com"},"gitHead":"70794870aab81a7081be50eab59f6789253368da","bugs":{"url":"https://github.com/dominictarr/map-stream/issues"},"_id":"map-stream@0.0.7","_shasum":"8a1f07896d82b10926bd3744a2420009f88974a8","_from":".","_npmVersion":"3.10.10","_nodeVersion":"6.9.4","_npmUser":{"name":"dominictarr","email":"dominic.tarr@gmail.com"},"dist":{"shasum":"8a1f07896d82b10926bd3744a2420009f88974a8","tarball":"https://registry.npmjs.org/map-stream/-/map-stream-0.0.7.tgz"},"maintainers":[{"name":"dominictarr","email":"dominic.tarr@gmail.com"}],"_npmOperationalInternal":{"host":"packages-12-west.internal.npmjs.com","tmp":"tmp/map-stream-0.0.7.tgz_1489957259545_0.018230291781947017"},"directories":{}}},"readme":"# MapStream\n\nRefactored out of [event-stream](https://github.com/dominictarr/event-stream)\n\n##map (asyncFunction[, options])\n\nCreate a through stream from an asyncronous function.  \n\n``` js\nvar map = require('map-stream')\n\nmap(function (data, callback) {\n  //transform data\n  // ...\n  callback(null, data)\n})\n\n```\n\nEach map MUST call the callback. It may callback with data, with an error or with no arguments, \n\n  * `callback()` drop this data.  \n    this makes the map work like `filter`,  \n    note:`callback(null,null)` is not the same, and will emit `null`\n\n  * `callback(null, newData)` turn data into newData\n    \n  * `callback(error)` emit an error for this item.\n\n>Note: if a callback is not called, `map` will think that it is still being processed,   \n>every call must be answered or the stream will not know when to end.  \n>\n>Also, if the callback is called more than once, every call but the first will be ignored.\n\n##Options \n\n * `failures` - `boolean` continue mapping even if error occured. On error `map-stream` will emit `failure` event. (default: `false`)\n","maintainers":[{"name":"dominictarr","email":"dominic.tarr@gmail.com"}],"time":{"modified":"2017-12-25T18:58:33.563Z","created":"2012-08-18T13:07:31.578Z","0.0.1":"2012-08-18T13:07:33.660Z","0.0.2":"2013-01-17T04:54:50.995Z","0.0.3":"2013-09-24T03:42:27.320Z","0.0.4":"2013-12-07T02:05:06.804Z","0.1.0":"2014-01-09T07:15:35.544Z","0.0.5":"2014-11-03T17:03:20.755Z","0.0.6":"2015-06-27T10:15:50.133Z","0.0.7":"2017-03-19T21:01:03.799Z"},"author":{"name":"Dominic Tarr","email":"dominic.tarr@gmail.com","url":"http://dominictarr.com"},"repository":{"type":"git","url":"git://github.com/dominictarr/map-stream.git"},"users":{"brianloveswords":true,"dukewan":true,"lapanoid":true,"h02e56":true,"jdhartley":true,"awen1983":true,"akiva":true,"pandao":true,"elmorec":true,"acewinnielee":true,"abdihaikal":true,"maxwang":true,"erikvold":true,"jasonwang1888":true,"monjer":true,"jrobinsonc":true},"homepage":"http://github.com/dominictarr/map-stream","bugs":{"url":"https://github.com/dominictarr/map-stream/issues"},"license":"MIT","readmeFilename":"readme.markdown","_attachments":{},"_etag":"W/\"6f9d731b58a95cdb132324e85cf94536\"","_lastModified":"Sun, 27 May 2018 07:23:38 GMT"}