{"_id":"pause-stream","_rev":"26-b3b0b6836b3b016bba14667d35389f74","name":"pause-stream","description":"a ThroughStream that strictly buffers all readable events when paused.","dist-tags":{"latest":"0.0.11"},"versions":{"0.0.0":{"name":"pause-stream","version":"0.0.0","description":"a ThroughStream that strictly buffers all readable events when paused.","main":"index.js","directories":{"test":"test"},"devDependencies":{"stream-spec":"~0.2.0"},"scripts":{"test":"echo \"Error: no test specified\" && exit 1"},"repository":{"type":"git","url":"git://github.com/dominictarr/pause-stream.git"},"keywords":["stream","pipe","pause","drain","buffer"],"author":{"name":"Dominic Tarr","email":"dominic.tarr@gmail.com","url":"dominictarr.com"},"license":["MIT","Apache2"],"_id":"pause-stream@0.0.0","dist":{"shasum":"b265f2c1639e5c8cf33a0363b38a95010030282a","tarball":"https://registry.npmjs.org/pause-stream/-/pause-stream-0.0.0.tgz"},"readme":"","maintainers":[{"name":"dominictarr","email":"dominic.tarr@gmail.com"}]},"0.0.2":{"name":"pause-stream","version":"0.0.2","description":"a ThroughStream that strictly buffers all readable events when paused.","main":"index.js","directories":{"test":"test"},"devDependencies":{"stream-spec":"~0.2.0"},"scripts":{"test":"echo \"Error: no test specified\" && exit 1"},"repository":{"type":"git","url":"git://github.com/dominictarr/pause-stream.git"},"keywords":["stream","pipe","pause","drain","buffer"],"author":{"name":"Dominic Tarr","email":"dominic.tarr@gmail.com","url":"dominictarr.com"},"license":["MIT","Apache2"],"_id":"pause-stream@0.0.2","dist":{"shasum":"06a38223860ae57df2807c70a7305fdea3bb2876","tarball":"https://registry.npmjs.org/pause-stream/-/pause-stream-0.0.2.tgz"},"readme":"","maintainers":[{"name":"dominictarr","email":"dominic.tarr@gmail.com"}]},"0.0.3":{"name":"pause-stream","version":"0.0.3","description":"a ThroughStream that strictly buffers all readable events when paused.","main":"index.js","directories":{"test":"test"},"devDependencies":{"stream-spec":"~0.2.0"},"scripts":{"test":"node test/index.js"},"repository":{"type":"git","url":"git://github.com/dominictarr/pause-stream.git"},"keywords":["stream","pipe","pause","drain","buffer"],"author":{"name":"Dominic Tarr","email":"dominic.tarr@gmail.com","url":"dominictarr.com"},"license":["MIT","Apache2"],"_id":"pause-stream@0.0.3","dist":{"shasum":"51ff3feab23b7e2d74058970c59da633598b5a02","tarball":"https://registry.npmjs.org/pause-stream/-/pause-stream-0.0.3.tgz"},"readme":"","maintainers":[{"name":"dominictarr","email":"dominic.tarr@gmail.com"}]},"0.0.4":{"name":"pause-stream","version":"0.0.4","description":"a ThroughStream that strictly buffers all readable events when paused.","main":"index.js","directories":{"test":"test"},"devDependencies":{"stream-spec":"~0.2.0"},"scripts":{"test":"node test/index.js && node test/pause-end.js"},"repository":{"type":"git","url":"git://github.com/dominictarr/pause-stream.git"},"keywords":["stream","pipe","pause","drain","buffer"],"author":{"name":"Dominic Tarr","email":"dominic.tarr@gmail.com","url":"dominictarr.com"},"license":["MIT","Apache2"],"readme":"# PauseStream\n\nThis is a `Stream` that will strictly buffer when paused.\nConnect it to anything you need buffered.\n\n``` js\n  var ps = require('pause-stream')();\n\n  badlyBehavedStream.pipe(ps.pause())\n\n  aLittleLater(function (err, data) {\n    ps.pipe(createAnotherStream(data))\n    ps.resume()\n  })\n```\n\n`PauseStream` will buffer whenever paused.\nit will buffer when yau have called `pause` manually.\nbut also when it's downstream `dest.write()===false`.\nit will attempt to drain the buffer when you call resume\nor the downstream emits `'drain'`\n\n`PauseStream` is tested using [stream-spec](https://github.com/dominictarr/stream-spec)\nand [stream-tester](https://github.com/dominictarr/stream-tester)\n","_id":"pause-stream@0.0.4","dist":{"shasum":"4631df36b7d54b34d14caa66a507b566f5229d29","tarball":"https://registry.npmjs.org/pause-stream/-/pause-stream-0.0.4.tgz"},"maintainers":[{"name":"dominictarr","email":"dominic.tarr@gmail.com"}]},"0.0.5":{"name":"pause-stream","version":"0.0.5","description":"a ThroughStream that strictly buffers all readable events when paused.","main":"index.js","directories":{"test":"test"},"devDependencies":{"stream-spec":"~0.2.0"},"scripts":{"test":"node test/index.js && node test/pause-end.js"},"repository":{"type":"git","url":"git://github.com/dominictarr/pause-stream.git"},"keywords":["stream","pipe","pause","drain","buffer"],"author":{"name":"Dominic Tarr","email":"dominic.tarr@gmail.com","url":"dominictarr.com"},"license":["MIT","Apache2"],"readme":"# PauseStream\n\nThis is a `Stream` that will strictly buffer when paused.\nConnect it to anything you need buffered.\n\n``` js\n  var ps = require('pause-stream')();\n\n  badlyBehavedStream.pipe(ps.pause())\n\n  aLittleLater(function (err, data) {\n    ps.pipe(createAnotherStream(data))\n    ps.resume()\n  })\n```\n\n`PauseStream` will buffer whenever paused.\nit will buffer when yau have called `pause` manually.\nbut also when it's downstream `dest.write()===false`.\nit will attempt to drain the buffer when you call resume\nor the downstream emits `'drain'`\n\n`PauseStream` is tested using [stream-spec](https://github.com/dominictarr/stream-spec)\nand [stream-tester](https://github.com/dominictarr/stream-tester)\n","_id":"pause-stream@0.0.5","dist":{"shasum":"2d71dbae85983f4b2f8b7cdc38fc642c050df355","tarball":"https://registry.npmjs.org/pause-stream/-/pause-stream-0.0.5.tgz"},"_npmVersion":"1.1.59","_npmUser":{"name":"dominictarr","email":"dominic.tarr@gmail.com"},"maintainers":[{"name":"dominictarr","email":"dominic.tarr@gmail.com"}]},"0.0.6":{"name":"pause-stream","version":"0.0.6","description":"a ThroughStream that strictly buffers all readable events when paused.","main":"index.js","directories":{"test":"test"},"devDependencies":{"stream-tester":"0.0.2","stream-spec":"~0.2.0"},"scripts":{"test":"node test/index.js && node test/pause-end.js"},"repository":{"type":"git","url":"git://github.com/dominictarr/pause-stream.git"},"keywords":["stream","pipe","pause","drain","buffer"],"author":{"name":"Dominic Tarr","email":"dominic.tarr@gmail.com","url":"dominictarr.com"},"license":["MIT","Apache2"],"readme":"# PauseStream\n\nThis is a `Stream` that will strictly buffer when paused.\nConnect it to anything you need buffered.\n\n``` js\n  var ps = require('pause-stream')();\n\n  badlyBehavedStream.pipe(ps.pause())\n\n  aLittleLater(function (err, data) {\n    ps.pipe(createAnotherStream(data))\n    ps.resume()\n  })\n```\n\n`PauseStream` will buffer whenever paused.\nit will buffer when yau have called `pause` manually.\nbut also when it's downstream `dest.write()===false`.\nit will attempt to drain the buffer when you call resume\nor the downstream emits `'drain'`\n\n`PauseStream` is tested using [stream-spec](https://github.com/dominictarr/stream-spec)\nand [stream-tester](https://github.com/dominictarr/stream-tester)\n","_id":"pause-stream@0.0.6","dist":{"shasum":"934b988eee6f16281897edf9dee66463b1ac4209","tarball":"https://registry.npmjs.org/pause-stream/-/pause-stream-0.0.6.tgz"},"_npmVersion":"1.1.59","_npmUser":{"name":"dominictarr","email":"dominic.tarr@gmail.com"},"maintainers":[{"name":"dominictarr","email":"dominic.tarr@gmail.com"}]},"0.0.7":{"name":"pause-stream","version":"0.0.7","description":"a ThroughStream that strictly buffers all readable events when paused.","main":"index.js","directories":{"test":"test"},"devDependencies":{"stream-tester":"0.0.2","stream-spec":"~0.2.0"},"scripts":{"test":"node test/index.js && node test/pause-end.js"},"repository":{"type":"git","url":"git://github.com/dominictarr/pause-stream.git"},"keywords":["stream","pipe","pause","drain","buffer"],"author":{"name":"Dominic Tarr","email":"dominic.tarr@gmail.com","url":"dominictarr.com"},"license":["MIT","Apache2"],"readme":"# PauseStream\n\nThis is a `Stream` that will strictly buffer when paused.\nConnect it to anything you need buffered.\n\n``` js\n  var ps = require('pause-stream')();\n\n  badlyBehavedStream.pipe(ps.pause())\n\n  aLittleLater(function (err, data) {\n    ps.pipe(createAnotherStream(data))\n    ps.resume()\n  })\n```\n\n`PauseStream` will buffer whenever paused.\nit will buffer when yau have called `pause` manually.\nbut also when it's downstream `dest.write()===false`.\nit will attempt to drain the buffer when you call resume\nor the downstream emits `'drain'`\n\n`PauseStream` is tested using [stream-spec](https://github.com/dominictarr/stream-spec)\nand [stream-tester](https://github.com/dominictarr/stream-tester)\n","readmeFilename":"readme.markdown","_id":"pause-stream@0.0.7","dist":{"shasum":"fe40e313c65c0f2aa1d167933c425e4cb24cb537","tarball":"https://registry.npmjs.org/pause-stream/-/pause-stream-0.0.7.tgz"},"_npmVersion":"1.1.70","_npmUser":{"name":"dominictarr","email":"dominic.tarr@gmail.com"},"maintainers":[{"name":"dominictarr","email":"dominic.tarr@gmail.com"}]},"0.0.8":{"name":"pause-stream","version":"0.0.8","description":"a ThroughStream that strictly buffers all readable events when paused.","main":"index.js","directories":{"test":"test"},"devDependencies":{"stream-tester":"0.0.2","stream-spec":"~0.2.0"},"scripts":{"test":"node test/index.js && node test/pause-end.js"},"repository":{"type":"git","url":"git://github.com/dominictarr/pause-stream.git"},"keywords":["stream","pipe","pause","drain","buffer"],"author":{"name":"Dominic Tarr","email":"dominic.tarr@gmail.com","url":"dominictarr.com"},"license":["MIT","Apache2"],"dependencies":{"through":"~2.1"},"readme":"# PauseStream\n\nThis is a `Stream` that will strictly buffer when paused.\nConnect it to anything you need buffered.\n\n``` js\n  var ps = require('pause-stream')();\n\n  badlyBehavedStream.pipe(ps.pause())\n\n  aLittleLater(function (err, data) {\n    ps.pipe(createAnotherStream(data))\n    ps.resume()\n  })\n```\n\n`PauseStream` will buffer whenever paused.\nit will buffer when yau have called `pause` manually.\nbut also when it's downstream `dest.write()===false`.\nit will attempt to drain the buffer when you call resume\nor the downstream emits `'drain'`\n\n`PauseStream` is tested using [stream-spec](https://github.com/dominictarr/stream-spec)\nand [stream-tester](https://github.com/dominictarr/stream-tester)\n","readmeFilename":"readme.markdown","_id":"pause-stream@0.0.8","dist":{"shasum":"2914cb86d312ad195e4dcb0b2c65aea1acab4ef7","tarball":"https://registry.npmjs.org/pause-stream/-/pause-stream-0.0.8.tgz"},"_from":".","_npmVersion":"1.2.3","_npmUser":{"name":"dominictarr","email":"dominic.tarr@gmail.com"},"maintainers":[{"name":"dominictarr","email":"dominic.tarr@gmail.com"}]},"0.0.9":{"name":"pause-stream","version":"0.0.9","description":"a ThroughStream that strictly buffers all readable events when paused.","main":"index.js","directories":{"test":"test"},"devDependencies":{"stream-tester":"0.0.2","stream-spec":"~0.2.0"},"scripts":{"test":"node test/index.js && node test/pause-end.js"},"repository":{"type":"git","url":"git://github.com/dominictarr/pause-stream.git"},"keywords":["stream","pipe","pause","drain","buffer"],"author":{"name":"Dominic Tarr","email":"dominic.tarr@gmail.com","url":"dominictarr.com"},"license":["MIT","Apache2"],"dependencies":{"through":"~2.1"},"readme":"# PauseStream\n\nThis is a `Stream` that will strictly buffer when paused.\nConnect it to anything you need buffered.\n\n``` js\n  var ps = require('pause-stream')();\n\n  badlyBehavedStream.pipe(ps.pause())\n\n  aLittleLater(function (err, data) {\n    ps.pipe(createAnotherStream(data))\n    ps.resume()\n  })\n```\n\n`PauseStream` will buffer whenever paused.\nit will buffer when yau have called `pause` manually.\nbut also when it's downstream `dest.write()===false`.\nit will attempt to drain the buffer when you call resume\nor the downstream emits `'drain'`\n\n`PauseStream` is tested using [stream-spec](https://github.com/dominictarr/stream-spec)\nand [stream-tester](https://github.com/dominictarr/stream-tester)\n\nThis is now the default case of \n[through](https://github.com/dominictarr/through)\n\nhttps://github.com/dominictarr/pause-stream/commit/4a6fe3dc2c11091b1efbfde912e0473719ed9cc0\n","readmeFilename":"readme.markdown","_id":"pause-stream@0.0.9","dist":{"shasum":"5cf76b2330e241034dcaf2533ad14e48e6c93fd9","tarball":"https://registry.npmjs.org/pause-stream/-/pause-stream-0.0.9.tgz"},"_from":".","_npmVersion":"1.2.3","_npmUser":{"name":"dominictarr","email":"dominic.tarr@gmail.com"},"maintainers":[{"name":"dominictarr","email":"dominic.tarr@gmail.com"}]},"0.0.10":{"name":"pause-stream","version":"0.0.10","description":"a ThroughStream that strictly buffers all readable events when paused.","main":"index.js","directories":{"test":"test"},"devDependencies":{"stream-tester":"0.0.2","stream-spec":"~0.2.0"},"scripts":{"test":"node test/index.js && node test/pause-end.js"},"repository":{"type":"git","url":"git://github.com/dominictarr/pause-stream.git"},"keywords":["stream","pipe","pause","drain","buffer"],"author":{"name":"Dominic Tarr","email":"dominic.tarr@gmail.com","url":"dominictarr.com"},"license":["MIT","Apache2"],"dependencies":{"through":"~2.3"},"readme":"# PauseStream\n\nThis is a `Stream` that will strictly buffer when paused.\nConnect it to anything you need buffered.\n\n``` js\n  var ps = require('pause-stream')();\n\n  badlyBehavedStream.pipe(ps.pause())\n\n  aLittleLater(function (err, data) {\n    ps.pipe(createAnotherStream(data))\n    ps.resume()\n  })\n```\n\n`PauseStream` will buffer whenever paused.\nit will buffer when yau have called `pause` manually.\nbut also when it's downstream `dest.write()===false`.\nit will attempt to drain the buffer when you call resume\nor the downstream emits `'drain'`\n\n`PauseStream` is tested using [stream-spec](https://github.com/dominictarr/stream-spec)\nand [stream-tester](https://github.com/dominictarr/stream-tester)\n\nThis is now the default case of \n[through](https://github.com/dominictarr/through)\n\nhttps://github.com/dominictarr/pause-stream/commit/4a6fe3dc2c11091b1efbfde912e0473719ed9cc0\n","readmeFilename":"readme.markdown","_id":"pause-stream@0.0.10","dist":{"shasum":"e716d5c168919ddbdd4dda28a589cd4b0a5d5a20","tarball":"https://registry.npmjs.org/pause-stream/-/pause-stream-0.0.10.tgz"},"_from":".","_npmVersion":"1.2.3","_npmUser":{"name":"dominictarr","email":"dominic.tarr@gmail.com"},"maintainers":[{"name":"dominictarr","email":"dominic.tarr@gmail.com"}]},"0.0.11":{"name":"pause-stream","version":"0.0.11","description":"a ThroughStream that strictly buffers all readable events when paused.","main":"index.js","directories":{"test":"test"},"devDependencies":{"stream-tester":"0.0.2","stream-spec":"~0.2.0"},"scripts":{"test":"node test/index.js && node test/pause-end.js"},"repository":{"type":"git","url":"git://github.com/dominictarr/pause-stream.git"},"keywords":["stream","pipe","pause","drain","buffer"],"author":{"name":"Dominic Tarr","email":"dominic.tarr@gmail.com","url":"dominictarr.com"},"license":["MIT","Apache2"],"dependencies":{"through":"~2.3"},"readme":"# PauseStream\n\nThis is a `Stream` that will strictly buffer when paused.\nConnect it to anything you need buffered.\n\n``` js\n  var ps = require('pause-stream')();\n\n  badlyBehavedStream.pipe(ps.pause())\n\n  aLittleLater(function (err, data) {\n    ps.pipe(createAnotherStream(data))\n    ps.resume()\n  })\n```\n\n`PauseStream` will buffer whenever paused.\nit will buffer when yau have called `pause` manually.\nbut also when it's downstream `dest.write()===false`.\nit will attempt to drain the buffer when you call resume\nor the downstream emits `'drain'`\n\n`PauseStream` is tested using [stream-spec](https://github.com/dominictarr/stream-spec)\nand [stream-tester](https://github.com/dominictarr/stream-tester)\n\nThis is now the default case of \n[through](https://github.com/dominictarr/through)\n\nhttps://github.com/dominictarr/pause-stream/commit/4a6fe3dc2c11091b1efbfde912e0473719ed9cc0\n","readmeFilename":"readme.markdown","bugs":{"url":"https://github.com/dominictarr/pause-stream/issues"},"_id":"pause-stream@0.0.11","dist":{"shasum":"fe5a34b0cbce12b5aa6a2b403ee2e73b602f1445","tarball":"https://registry.npmjs.org/pause-stream/-/pause-stream-0.0.11.tgz"},"_from":".","_npmVersion":"1.3.6","_npmUser":{"name":"dominictarr","email":"dominic.tarr@gmail.com"},"maintainers":[{"name":"dominictarr","email":"dominic.tarr@gmail.com"}]}},"readme":"","maintainers":[{"name":"dominictarr","email":"dominic.tarr@gmail.com"}],"time":{"modified":"2013-09-20T22:11:51.558Z","created":"2012-07-11T12:10:38.061Z","0.0.0":"2012-07-11T12:10:44.628Z","0.0.2":"2012-07-12T04:07:33.140Z","0.0.3":"2012-07-15T03:54:25.727Z","0.0.4":"2012-08-18T14:13:53.356Z","0.0.5":"2012-10-01T23:45:05.304Z","0.0.6":"2012-10-11T06:20:30.248Z","0.0.7":"2013-01-27T11:08:38.321Z","0.0.8":"2013-02-05T07:19:57.084Z","0.0.9":"2013-02-05T07:24:18.681Z","0.0.10":"2013-04-22T23:16:16.748Z","0.0.11":"2013-09-20T22:11:51.558Z"},"author":{"name":"Dominic Tarr","email":"dominic.tarr@gmail.com","url":"dominictarr.com"},"repository":{"type":"git","url":"git://github.com/dominictarr/pause-stream.git"},"users":{"substack":true,"edin-m":true,"pandao":true},"_attachments":{},"_etag":"W/\"6348db6c07fe2f38cfb1909353b63a24\"","_lastModified":"Sun, 27 May 2018 11:58:11 GMT"}