{"./operator":["Operator","SelectBase","Select","SelectLatestChange","SelectPreviousSelection","SelectPersistentSelection","SelectOccurrence","VisualModeSelect","CreatePersistentSelection","TogglePersistentSelection","TogglePresetOccurrence","TogglePresetSubwordOccurrence","AddPresetOccurrenceFromLastOccurrencePattern","Delete","DeleteRight","DeleteLeft","DeleteToLastCharacterOfLine","DeleteLine","Yank","YankLine","YankToLastCharacterOfLine","YankDiffHunk","Increase","Decrease","IncrementNumber","DecrementNumber","PutBefore","PutAfter","PutBeforeWithAutoIndent","PutAfterWithAutoIndent","AddBlankLineBelow","AddBlankLineAbove","ResolveGitConflict"],"./operator-insert":["ActivateInsertModeBase","ActivateInsertMode","ActivateReplaceMode","InsertAfter","InsertAtBeginningOfLine","InsertAfterEndOfLine","InsertAtFirstCharacterOfLine","InsertAtLastInsert","InsertAboveWithNewline","InsertBelowWithNewline","InsertByTarget","InsertAtStartOfTarget","InsertAtEndOfTarget","InsertAtHeadOfTarget","InsertAtStartOfOccurrence","InsertAtEndOfOccurrence","InsertAtHeadOfOccurrence","InsertAtStartOfSubwordOccurrence","InsertAtEndOfSubwordOccurrence","InsertAtHeadOfSubwordOccurrence","InsertAtStartOfSmartWord","InsertAtEndOfSmartWord","InsertAtPreviousFoldStart","InsertAtNextFoldStart","Change","ChangeOccurrence","ChangeSubwordOccurrence","Substitute","SubstituteLine","ChangeLine","ChangeToLastCharacterOfLine"],"./operator-transform-string":["TransformString","NoCase","DotCase","SwapCase","PathCase","UpperCase","LowerCase","CamelCase","SnakeCase","TitleCase","ParamCase","HeaderCase","PascalCase","ConstantCase","SentenceCase","UpperCaseFirst","LowerCaseFirst","DashCase","ToggleCase","ToggleCaseAndMoveRight","Replace","ReplaceCharacter","SplitByCharacter","EncodeUriComponent","DecodeUriComponent","TrimString","CompactSpaces","AlignOccurrence","AlignOccurrenceByPadLeft","AlignOccurrenceByPadRight","RemoveLeadingWhiteSpaces","ConvertToSoftTab","ConvertToHardTab","TransformStringByExternalCommand","TransformStringBySelectList","TransformWordBySelectList","TransformSmartWordBySelectList","ReplaceWithRegister","ReplaceOccurrenceWithRegister","SwapWithRegister","Indent","Outdent","AutoIndent","ToggleLineComments","Reflow","ReflowWithStay","SurroundBase","Surround","SurroundWord","SurroundSmartWord","MapSurround","DeleteSurround","DeleteSurroundAnyPair","DeleteSurroundAnyPairAllowForwarding","ChangeSurround","ChangeSurroundAnyPair","ChangeSurroundAnyPairAllowForwarding","JoinTarget","Join","JoinBase","JoinWithKeepingSpace","JoinByInput","JoinByInputWithKeepingSpace","SplitString","SplitStringWithKeepingSplitter","SplitArguments","SplitArgumentsWithRemoveSeparator","SplitArgumentsOfInnerAnyPair","ChangeOrder","Reverse","ReverseInnerAnyPair","Rotate","RotateBackwards","RotateArgumentsOfInnerPair","RotateArgumentsBackwardsOfInnerPair","Sort","SortCaseInsensitively","SortByNumber","NumberingLines","DuplicateWithCommentOutOriginal"],"./motion":["Motion","CurrentSelection","MoveLeft","MoveRight","MoveRightBufferColumn","MoveUp","MoveUpWrap","MoveDown","MoveDownWrap","MoveUpScreen","MoveDownScreen","MoveUpToEdge","MoveDownToEdge","MotionByWord","MoveToNextWord","MoveToNextWholeWord","MoveToNextAlphanumericWord","MoveToNextSmartWord","MoveToNextSubword","MoveToPreviousWord","MoveToPreviousWholeWord","MoveToPreviousAlphanumericWord","MoveToPreviousSmartWord","MoveToPreviousSubword","MoveToEndOfWord","MoveToEndOfWholeWord","MoveToEndOfAlphanumericWord","MoveToEndOfSmartWord","MoveToEndOfSubword","MoveToPreviousEndOfWord","MoveToPreviousEndOfWholeWord","MoveToNextSentence","MoveToPreviousSentence","MoveToNextSentenceSkipBlankRow","MoveToPreviousSentenceSkipBlankRow","MoveToNextParagraph","MoveToPreviousParagraph","MoveToNextDiffHunk","MoveToPreviousDiffHunk","MoveToBeginningOfLine","MoveToColumn","MoveToLastCharacterOfLine","MoveToLastNonblankCharacterOfLineAndDown","MoveToFirstCharacterOfLine","MoveToFirstCharacterOfLineUp","MoveToFirstCharacterOfLineDown","MoveToFirstCharacterOfLineAndDown","MoveToScreenColumn","MoveToBeginningOfScreenLine","MoveToFirstCharacterOfScreenLine","MoveToLastCharacterOfScreenLine","MoveToFirstLine","MoveToLastLine","MoveToLineByPercent","MoveToRelativeLine","MoveToRelativeLineMinimumTwo","MoveToTopOfScreen","MoveToMiddleOfScreen","MoveToBottomOfScreen","Scroll","ScrollFullScreenDown","ScrollFullScreenUp","ScrollHalfScreenDown","ScrollHalfScreenUp","ScrollQuarterScreenDown","ScrollQuarterScreenUp","Find","FindBackwards","Till","TillBackwards","MoveToMark","MoveToMarkLine","MotionByFold","MoveToPreviousFoldStart","MoveToNextFoldStart","MotionByFoldWithSameIndent","MoveToPreviousFoldStartWithSameIndent","MoveToNextFoldStartWithSameIndent","MoveToPreviousFoldEndWithSameIndent","MoveToNextFoldEndWithSameIndent","MoveToPreviousFoldEnd","MoveToNextFoldEnd","MoveToPreviousFunction","MoveToNextFunction","MoveToPreviousFunctionAndRedrawCursorLineAtUpperMiddle","MoveToNextFunctionAndRedrawCursorLineAtUpperMiddle","MotionByScope","MoveToPreviousString","MoveToNextString","MoveToPreviousNumber","MoveToNextNumber","MoveToNextOccurrence","MoveToPreviousOccurrence","MoveToPair"],"./motion-search":["SearchBase","Search","SearchBackwards","SearchCurrentWord","SearchCurrentWordBackwards"],"./text-object":["TextObject","Word","WholeWord","SmartWord","Subword","Pair","APair","AnyPair","AnyPairAllowForwarding","AnyQuote","Quote","DoubleQuote","SingleQuote","BackTick","CurlyBracket","SquareBracket","Parenthesis","AngleBracket","Tag","Paragraph","Indentation","Comment","CommentOrParagraph","Fold","Function","Arguments","CurrentLine","Entire","Empty","LatestChange","SearchMatchForward","SearchMatchBackward","PreviousSelection","PersistentSelection","LastPastedRange","VisibleArea","AWord","InnerWord","AWholeWord","InnerWholeWord","ASmartWord","InnerSmartWord","ASubword","InnerSubword","AAnyPair","InnerAnyPair","AAnyPairAllowForwarding","InnerAnyPairAllowForwarding","AAnyQuote","InnerAnyQuote","ADoubleQuote","InnerDoubleQuote","ASingleQuote","InnerSingleQuote","ABackTick","InnerBackTick","ACurlyBracket","InnerCurlyBracket","ACurlyBracketAllowForwarding","InnerCurlyBracketAllowForwarding","ASquareBracket","InnerSquareBracket","ASquareBracketAllowForwarding","InnerSquareBracketAllowForwarding","AParenthesis","InnerParenthesis","AParenthesisAllowForwarding","InnerParenthesisAllowForwarding","AAngleBracket","InnerAngleBracket","AAngleBracketAllowForwarding","InnerAngleBracketAllowForwarding","ATag","InnerTag","AParagraph","InnerParagraph","AIndentation","InnerIndentation","AComment","InnerComment","ABlockComment","InnerBlockComment","ACommentOrParagraph","InnerCommentOrParagraph","AFold","InnerFold","AFunction","InnerFunction","AArguments","InnerArguments","ACurrentLine","InnerCurrentLine","AEntire","InnerEntire","ALatestChange","InnerLatestChange","APersistentSelection","InnerPersistentSelection","AVisibleArea","InnerVisibleArea","ADiffHunk","InnerDiffHunk"],"./misc-command":["MiscCommand","Mark","ReverseSelections","BlockwiseOtherEnd","Undo","Redo","FoldCurrentRow","UnfoldCurrentRow","ToggleFold","FoldCurrentRowRecursivelyBase","FoldCurrentRowRecursively","UnfoldCurrentRowRecursively","ToggleFoldRecursively","UnfoldAll","FoldAll","UnfoldNextIndentLevel","FoldNextIndentLevel","MiniScrollDown","MiniScrollUp","RedrawCursorLine","RedrawCursorLineAtTop","RedrawCursorLineAtTopAndMoveToFirstCharacterOfLine","RedrawCursorLineAtUpperMiddle","RedrawCursorLineAtUpperMiddleAndMoveToFirstCharacterOfLine","RedrawCursorLineAtMiddle","RedrawCursorLineAtMiddleAndMoveToFirstCharacterOfLine","RedrawCursorLineAtBottom","RedrawCursorLineAtBottomAndMoveToFirstCharacterOfLine","ScrollCursorToLeft","ScrollCursorToRight","ActivateNormalModeOnce","ToggleReplaceMode","InsertRegister","InsertLastInserted","CopyFromLineAbove","CopyFromLineBelow","NextTab","PreviousTab"]}
