{"_id":"duplexer","_rev":"41-23a59789e12b3744882bd8731f5d7f7b","name":"duplexer","description":"Creates a duplex stream","dist-tags":{"latest":"0.1.1"},"versions":{"0.0.1":{"name":"duplexer","version":"0.0.1","description":"Creates a duplex stream","keywords":[],"author":{"name":"Raynos","email":"raynos2@gmail.com"},"repository":{"type":"git","url":"git://github.com/Raynos/duplexer.git"},"main":"index","homepage":"https://github.com/Raynos/duplexer","contributors":[{"name":"Jake Verbaten"}],"bugs":{"url":"https://github.com/Raynos/duplexer/issues","email":"raynos2@gmail.com"},"dependencies":{},"devDependencies":{"through":"~0.1.4"},"licenses":[{"type":"MIT","url":"http://github.com/Raynos/duplexer/raw/master/LICENSE"}],"scripts":{"test":"make node-test"},"readme":"# duplexer [![build status][1]][2]\n\nCreates a duplex stream\n\nTaken from [event-stream][3]\n\n## duplex (writeStream, readStream)\n\nTakes a writable stream and a readable stream and makes them appear as a readable writable stream.\n\nIt is assumed that the two streams are connected to each other in some way.\n\n## Example\n\n    var grep = cp.exec('grep Stream')\n\n    duplex(grep.stdin, grep.stdout)\n\n## Installation\n\n`npm install duplexer`\n\n## Tests\n\n`make test`\n\n## Contributors\n\n - Dominictarr\n - Raynos\n\n## MIT Licenced\n\n  [1]: https://secure.travis-ci.org/Raynos/duplexer.png\n  [2]: http://travis-ci.org/Raynos/duplexer\n  [3]: https://github.com/dominictarr/event-stream#duplex-writestream-readstream","_id":"duplexer@0.0.1","dist":{"shasum":"03caae06f0f13987a15ac898f3a83cd8a9700da6","tarball":"https://registry.npmjs.org/duplexer/-/duplexer-0.0.1.tgz"},"maintainers":[{"name":"raynos","email":"raynos2@gmail.com"}],"directories":{}},"0.0.2":{"name":"duplexer","version":"0.0.2","description":"Creates a duplex stream","keywords":[],"author":{"name":"Raynos","email":"raynos2@gmail.com"},"repository":{"type":"git","url":"git://github.com/Raynos/duplexer.git"},"main":"index","homepage":"https://github.com/Raynos/duplexer","contributors":[{"name":"Jake Verbaten"}],"bugs":{"url":"https://github.com/Raynos/duplexer/issues","email":"raynos2@gmail.com"},"dependencies":{},"devDependencies":{"through":"~0.1.4"},"licenses":[{"type":"MIT","url":"http://github.com/Raynos/duplexer/raw/master/LICENSE"}],"scripts":{"test":"make test"},"readme":"# duplexer [![build status][1]][2]\n\nCreates a duplex stream\n\nTaken from [event-stream][3]\n\n## duplex (writeStream, readStream)\n\nTakes a writable stream and a readable stream and makes them appear as a readable writable stream.\n\nIt is assumed that the two streams are connected to each other in some way.\n\n## Example\n\n    var grep = cp.exec('grep Stream')\n\n    duplex(grep.stdin, grep.stdout)\n\n## Installation\n\n`npm install duplexer`\n\n## Tests\n\n`make test`\n\n## Contributors\n\n - Dominictarr\n - Raynos\n\n## MIT Licenced\n\n  [1]: https://secure.travis-ci.org/Raynos/duplexer.png\n  [2]: http://travis-ci.org/Raynos/duplexer\n  [3]: https://github.com/dominictarr/event-stream#duplex-writestream-readstream","_id":"duplexer@0.0.2","dist":{"shasum":"277f5c7dddc4fac1a170ca061b098cf33d5d333f","tarball":"https://registry.npmjs.org/duplexer/-/duplexer-0.0.2.tgz"},"maintainers":[{"name":"raynos","email":"raynos2@gmail.com"},{"name":"dominictarr","email":"dominic.tarr@gmail.com"}],"directories":{}},"0.0.3":{"name":"duplexer","version":"0.0.3","description":"Creates a duplex stream","keywords":[],"author":{"name":"Raynos","email":"raynos2@gmail.com"},"repository":{"type":"git","url":"git://github.com/Raynos/duplexer.git"},"main":"index","homepage":"https://github.com/Raynos/duplexer","contributors":[{"name":"Jake Verbaten"}],"bugs":{"url":"https://github.com/Raynos/duplexer/issues","email":"raynos2@gmail.com"},"dependencies":{},"devDependencies":{"through":"~0.1.4"},"licenses":[{"type":"MIT","url":"http://github.com/Raynos/duplexer/raw/master/LICENSE"}],"scripts":{"test":"make test"},"readme":"# duplexer [![build status][1]][2]\n\nCreates a duplex stream\n\nTaken from [event-stream][3]\n\n## duplex (writeStream, readStream)\n\nTakes a writable stream and a readable stream and makes them appear as a readable writable stream.\n\nIt is assumed that the two streams are connected to each other in some way.\n\n## Example\n\n    var grep = cp.exec('grep Stream')\n\n    duplex(grep.stdin, grep.stdout)\n\n## Installation\n\n`npm install duplexer`\n\n## Tests\n\n`make test`\n\n## Contributors\n\n - Dominictarr\n - Raynos\n\n## MIT Licenced\n\n  [1]: https://secure.travis-ci.org/Raynos/duplexer.png\n  [2]: http://travis-ci.org/Raynos/duplexer\n  [3]: https://github.com/dominictarr/event-stream#duplex-writestream-readstream","readmeFilename":"README.md","_id":"duplexer@0.0.3","dist":{"shasum":"40fe203cc6f794a7f2da882553659e20b12d774e","tarball":"https://registry.npmjs.org/duplexer/-/duplexer-0.0.3.tgz"},"_from":".","_npmVersion":"1.2.3","_npmUser":{"name":"dominictarr","email":"dominic.tarr@gmail.com"},"maintainers":[{"name":"raynos","email":"raynos2@gmail.com"},{"name":"dominictarr","email":"dominic.tarr@gmail.com"}],"directories":{}},"0.0.4":{"name":"duplexer","version":"0.0.4","description":"Creates a duplex stream","keywords":[],"author":{"name":"Raynos","email":"raynos2@gmail.com"},"repository":{"type":"git","url":"git://github.com/Raynos/duplexer.git"},"main":"index","homepage":"https://github.com/Raynos/duplexer","contributors":[{"name":"Jake Verbaten"}],"bugs":{"url":"https://github.com/Raynos/duplexer/issues","email":"raynos2@gmail.com"},"dependencies":{},"devDependencies":{"through":"~0.1.4"},"licenses":[{"type":"MIT","url":"http://github.com/Raynos/duplexer/raw/master/LICENSE"}],"scripts":{"test":"make test"},"readme":"# duplexer [![build status][1]][2]\n\nCreates a duplex stream\n\nTaken from [event-stream][3]\n\n## duplex (writeStream, readStream)\n\nTakes a writable stream and a readable stream and makes them appear as a readable writable stream.\n\nIt is assumed that the two streams are connected to each other in some way.\n\n## Example\n\n    var grep = cp.exec('grep Stream')\n\n    duplex(grep.stdin, grep.stdout)\n\n## Installation\n\n`npm install duplexer`\n\n## Tests\n\n`make test`\n\n## Contributors\n\n - Dominictarr\n - Raynos\n\n## MIT Licenced\n\n  [1]: https://secure.travis-ci.org/Raynos/duplexer.png\n  [2]: http://travis-ci.org/Raynos/duplexer\n  [3]: https://github.com/dominictarr/event-stream#duplex-writestream-readstream","readmeFilename":"README.md","_id":"duplexer@0.0.4","dist":{"shasum":"afcb7f1f8b8d74f820726171d5d64ac9e4a8ff20","tarball":"https://registry.npmjs.org/duplexer/-/duplexer-0.0.4.tgz"},"_from":".","_npmVersion":"1.2.14","_npmUser":{"name":"raynos","email":"raynos2@gmail.com"},"maintainers":[{"name":"raynos","email":"raynos2@gmail.com"},{"name":"dominictarr","email":"dominic.tarr@gmail.com"}],"directories":{}},"0.1.0":{"name":"duplexer","version":"0.1.0","description":"Creates a duplex stream","keywords":[],"author":{"name":"Raynos","email":"raynos2@gmail.com"},"repository":{"type":"git","url":"git://github.com/Raynos/duplexer.git"},"main":"index","homepage":"https://github.com/Raynos/duplexer","contributors":[{"name":"Jake Verbaten"}],"bugs":{"url":"https://github.com/Raynos/duplexer/issues","email":"raynos2@gmail.com"},"dependencies":{},"devDependencies":{"through":"~0.1.4"},"licenses":[{"type":"MIT","url":"http://github.com/Raynos/duplexer/raw/master/LICENSE"}],"scripts":{"test":"make test"},"readme":"# duplexer [![build status][1]][2]\n\nCreates a duplex stream\n\nTaken from [event-stream][3]\n\n## duplex (writeStream, readStream)\n\nTakes a writable stream and a readable stream and makes them appear as a readable writable stream.\n\nIt is assumed that the two streams are connected to each other in some way.\n\n## Example\n\n    var grep = cp.exec('grep Stream')\n\n    duplex(grep.stdin, grep.stdout)\n\n## Installation\n\n`npm install duplexer`\n\n## Tests\n\n`make test`\n\n## Contributors\n\n - Dominictarr\n - Raynos\n\n## MIT Licenced\n\n  [1]: https://secure.travis-ci.org/Raynos/duplexer.png\n  [2]: http://travis-ci.org/Raynos/duplexer\n  [3]: https://github.com/dominictarr/event-stream#duplex-writestream-readstream","_id":"duplexer@0.1.0","dist":{"shasum":"96a3f432e877a57e0eef02cd6e200df6ae6263a4","tarball":"https://registry.npmjs.org/duplexer/-/duplexer-0.1.0.tgz"},"maintainers":[{"name":"raynos","email":"raynos2@gmail.com"},{"name":"dominictarr","email":"dominic.tarr@gmail.com"}],"directories":{}},"0.1.1":{"name":"duplexer","version":"0.1.1","description":"Creates a duplex stream","keywords":[],"author":{"name":"Raynos","email":"raynos2@gmail.com"},"repository":{"type":"git","url":"git://github.com/Raynos/duplexer.git"},"main":"index","homepage":"https://github.com/Raynos/duplexer","contributors":[{"name":"Jake Verbaten"}],"bugs":{"url":"https://github.com/Raynos/duplexer/issues","email":"raynos2@gmail.com"},"devDependencies":{"tape":"0.3.3","through":"~0.1.4"},"licenses":[{"type":"MIT","url":"http://github.com/Raynos/duplexer/raw/master/LICENSE"}],"scripts":{"test":"node test"},"testling":{"files":"test/index.js","browsers":["ie/8..latest","firefox/16..latest","firefox/nightly","chrome/22..latest","chrome/canary","opera/12..latest","opera/next","safari/5.1..latest","ipad/6.0..latest","iphone/6.0..latest"]},"readme":"# duplexer\n\n[![build status][1]][2] [![dependency status][3]][4]\n\n[![browser support][5]][6]\n\nCreates a duplex stream\n\nTaken from [event-stream][7]\n\n## duplex (writeStream, readStream)\n\nTakes a writable stream and a readable stream and makes them appear as a readable writable stream.\n\nIt is assumed that the two streams are connected to each other in some way.\n\n## Example\n\n```js\nvar grep = cp.exec('grep Stream')\n\nduplex(grep.stdin, grep.stdout)\n```\n\n## Installation\n\n`npm install duplexer`\n\n## Tests\n\n`npm test`\n\n## Contributors\n\n - Dominictarr\n - Raynos\n - samccone\n\n## MIT Licenced\n\n  [1]: https://secure.travis-ci.org/Raynos/duplexer.png\n  [2]: https://travis-ci.org/Raynos/duplexer\n  [3]: https://david-dm.org/Raynos/duplexer.png\n  [4]: https://david-dm.org/Raynos/duplexer\n  [5]: https://ci.testling.com/Raynos/duplexer.png\n  [6]: https://ci.testling.com/Raynos/duplexer\n  [7]: https://github.com/dominictarr/event-stream#duplex-writestream-readstream\n","readmeFilename":"README.md","_id":"duplexer@0.1.1","dist":{"shasum":"ace6ff808c1ce66b57d1ebf97977acb02334cfc1","tarball":"https://registry.npmjs.org/duplexer/-/duplexer-0.1.1.tgz"},"_from":".","_npmVersion":"1.2.18","_npmUser":{"name":"raynos","email":"raynos2@gmail.com"},"maintainers":[{"name":"raynos","email":"raynos2@gmail.com"},{"name":"dominictarr","email":"dominic.tarr@gmail.com"}],"directories":{}}},"readme":"# duplexer [![build status][1]][2]\n\nCreates a duplex stream\n\nTaken from [event-stream][3]\n\n## duplex (writeStream, readStream)\n\nTakes a writable stream and a readable stream and makes them appear as a readable writable stream.\n\nIt is assumed that the two streams are connected to each other in some way.\n\n## Example\n\n    var grep = cp.exec('grep Stream')\n\n    duplex(grep.stdin, grep.stdout)\n\n## Installation\n\n`npm install duplexer`\n\n## Tests\n\n`make test`\n\n## Contributors\n\n - Dominictarr\n - Raynos\n\n## MIT Licenced\n\n  [1]: https://secure.travis-ci.org/Raynos/duplexer.png\n  [2]: http://travis-ci.org/Raynos/duplexer\n  [3]: https://github.com/dominictarr/event-stream#duplex-writestream-readstream","maintainers":[{"name":"raynos","email":"raynos2@gmail.com"},{"name":"dominictarr","email":"dominic.tarr@gmail.com"}],"time":{"modified":"2018-01-30T23:21:05.532Z","created":"2012-08-10T03:46:13.248Z","0.0.1":"2012-08-10T03:46:14.550Z","0.0.2":"2012-08-14T18:39:16.263Z","0.0.3":"2013-01-31T21:09:08.889Z","0.0.4":"2013-03-27T21:14:37.965Z","0.1.0":"2013-04-01T16:03:23.515Z","0.1.1":"2013-04-26T17:39:31.080Z"},"author":{"name":"Raynos","email":"raynos2@gmail.com"},"repository":{"type":"git","url":"git://github.com/Raynos/duplexer.git"},"users":{"substack":true,"alanshaw":true,"qinshulei":true,"joshmu":true,"gaboesquivel":true,"joshwyatt":true,"chengen":true,"detj":true,"markthethomas":true,"wenbing":true,"alexkval":true,"enderandpeter":true,"lcsrinaldi":true,"nickleefly":true,"dzhou777":true,"monjer":true,"shanewholloway":true,"meeh":true},"_attachments":{},"_etag":"W/\"271fba8a34aed99e903c60e9efa23871\"","_lastModified":"Sat, 26 May 2018 22:33:50 GMT"}