{"digest":"c373d488f5f4b2d2356c4a592ce9315f45740a5a","css":"div[is=ex-command-mode-input] atom-text-editor[mini]::before {\n  content: \":\";\n  opacity: 0.5;\n}\ndiv[is=vim-normal-mode-input] atom-text-editor[mini]::before {\n  content: \"/\";\n  opacity: 0.5;\n}\n.command-mode-input atom-text-editor[mini] {\n  background-color: inherit;\n  border: none;\n  width: 100%;\n  font-weight: normal;\n  color: #aaa;\n  line-height: 1.28;\n  cursor: default;\n  white-space: nowrap;\n  padding-left: 10px;\n}\n","imports":[{"path":"static\\variables\\ui-variables.less","digest":"b28ed6c38c4cfce23f83a1b012a3968aa63fce4c"},{"path":"static\\variables\\syntax-variables.less","digest":"812c1b7883a023f768773d14294653adcdb932d7"},{"path":"node_modules\\atom-dark-ui\\styles\\ui-variables.less","digest":"bbc53164b15cea5f3aeeddd1ea77a4e7bd5f8503"}],"version":1}