{"_id":"no-case","_rev":"6-839356333f8e09f60a0e61d9f6ca3372","name":"no-case","description":"Remove case from a string","dist-tags":{"latest":"2.3.2"},"versions":{"2.0.0":{"name":"no-case","version":"2.0.0","description":"Remove case from a string","main":"no-case.js","typings":"no-case.d.ts","files":["no-case.js","no-case.d.ts","vendor","LICENSE"],"scripts":{"lint":"standard","test-cov":"istanbul cover node_modules/mocha/bin/_mocha -- -R spec --bail","test":"npm run build && npm run lint && npm run test-cov","build":"node build.js"},"standard":{"ignore":["coverage/**"]},"repository":{"type":"git","url":"git://github.com/blakeembrey/no-case.git"},"keywords":["no","case","space","lower","trim"],"author":{"name":"Blake Embrey","email":"hello@blakeembrey.com","url":"http://blakeembrey.me"},"license":"MIT","bugs":{"url":"https://github.com/blakeembrey/no-case/issues"},"homepage":"https://github.com/blakeembrey/no-case","devDependencies":{"chai":"^1.9.1","istanbul":"^0.3.5","mocha":"^2.1.0","standard":"^2.3.1","xregexp":"^2.0.0"},"dependencies":{"lower-case":"^1.1.1"},"gitHead":"aaeb64a2a2b704efeff34e14986ffcde587dc687","_id":"no-case@2.0.0","_shasum":"45cd6c598a80318af77eba551a475e1c5e1b86c3","_from":".","_npmVersion":"3.9.3","_nodeVersion":"6.2.1","_npmUser":{"name":"blakeembrey","email":"hello@blakeembrey.com"},"dist":{"shasum":"45cd6c598a80318af77eba551a475e1c5e1b86c3","tarball":"https://registry.npmjs.org/no-case/-/no-case-2.0.0.tgz"},"maintainers":[{"name":"blakeembrey","email":"hello@blakeembrey.com"}],"_npmOperationalInternal":{"host":"packages-16-east.internal.npmjs.com","tmp":"tmp/no-case-2.0.0.tgz_1465680690787_0.5905108312144876"},"directories":{}},"2.1.0":{"name":"no-case","version":"2.1.0","description":"Remove case from a string","main":"no-case.js","typings":"no-case.d.ts","files":["no-case.js","no-case.d.ts","vendor","LICENSE"],"scripts":{"lint":"standard","test-cov":"istanbul cover node_modules/mocha/bin/_mocha -- -R spec --bail","test":"npm run build && npm run lint && npm run test-cov","build":"node build.js"},"standard":{"ignore":["coverage/**"]},"repository":{"type":"git","url":"git://github.com/blakeembrey/no-case.git"},"keywords":["no","case","space","lower","trim"],"author":{"name":"Blake Embrey","email":"hello@blakeembrey.com","url":"http://blakeembrey.me"},"license":"MIT","bugs":{"url":"https://github.com/blakeembrey/no-case/issues"},"homepage":"https://github.com/blakeembrey/no-case","devDependencies":{"chai":"^1.9.1","istanbul":"^0.3.5","mocha":"^2.1.0","standard":"^2.3.1","xregexp":"^2.0.0"},"dependencies":{"lower-case":"^1.1.1"},"gitHead":"ac8a199b5765884f38c04c3d6421f65b5aba25d3","_id":"no-case@2.1.0","_shasum":"fb2fa30d81bf2c7f0b8360b8d5159c2acc04e690","_from":".","_npmVersion":"3.9.3","_nodeVersion":"6.2.1","_npmUser":{"name":"blakeembrey","email":"hello@blakeembrey.com"},"dist":{"shasum":"fb2fa30d81bf2c7f0b8360b8d5159c2acc04e690","tarball":"https://registry.npmjs.org/no-case/-/no-case-2.1.0.tgz"},"maintainers":[{"name":"blakeembrey","email":"hello@blakeembrey.com"}],"_npmOperationalInternal":{"host":"packages-12-west.internal.npmjs.com","tmp":"tmp/no-case-2.1.0.tgz_1465686089635_0.8947703135199845"},"directories":{}},"2.2.0":{"name":"no-case","version":"2.2.0","description":"Remove case from a string","main":"no-case.js","typings":"no-case.d.ts","files":["no-case.js","no-case.d.ts","vendor","LICENSE"],"scripts":{"lint":"standard","test-cov":"istanbul cover node_modules/mocha/bin/_mocha -- -R spec --bail","test":"npm run build && npm run lint && npm run test-cov","build":"node build.js"},"standard":{"ignore":["coverage/**"]},"repository":{"type":"git","url":"git://github.com/blakeembrey/no-case.git"},"keywords":["no","case","space","lower","trim"],"author":{"name":"Blake Embrey","email":"hello@blakeembrey.com","url":"http://blakeembrey.me"},"license":"MIT","bugs":{"url":"https://github.com/blakeembrey/no-case/issues"},"homepage":"https://github.com/blakeembrey/no-case","devDependencies":{"chai":"^3.5.0","istanbul":"^0.4.3","mocha":"^2.1.0","standard":"^7.1.2","xregexp":"^3.1.1"},"dependencies":{"lower-case":"^1.1.1"},"gitHead":"cae764af607af1720521d2d83129837fafce029e","_id":"no-case@2.2.0","_shasum":"1f45c55a7bb30e42942ec74e5282f6b8f4495a40","_from":".","_npmVersion":"3.9.3","_nodeVersion":"6.2.1","_npmUser":{"name":"blakeembrey","email":"hello@blakeembrey.com"},"dist":{"shasum":"1f45c55a7bb30e42942ec74e5282f6b8f4495a40","tarball":"https://registry.npmjs.org/no-case/-/no-case-2.2.0.tgz"},"maintainers":[{"name":"blakeembrey","email":"hello@blakeembrey.com"}],"_npmOperationalInternal":{"host":"packages-16-east.internal.npmjs.com","tmp":"tmp/no-case-2.2.0.tgz_1465689907808_0.5101501930039376"},"directories":{}},"2.3.0":{"name":"no-case","version":"2.3.0","description":"Remove case from a string","main":"no-case.js","typings":"no-case.d.ts","files":["no-case.js","no-case.d.ts","vendor","LICENSE"],"scripts":{"lint":"standard","test-cov":"istanbul cover node_modules/mocha/bin/_mocha -- -R spec --bail","test":"npm run build && npm run lint && npm run test-cov","build":"node build.js"},"standard":{"ignore":["coverage/**"]},"repository":{"type":"git","url":"git://github.com/blakeembrey/no-case.git"},"keywords":["no","case","space","lower","trim"],"author":{"name":"Blake Embrey","email":"hello@blakeembrey.com","url":"http://blakeembrey.me"},"license":"MIT","bugs":{"url":"https://github.com/blakeembrey/no-case/issues"},"homepage":"https://github.com/blakeembrey/no-case","devDependencies":{"chai":"^3.5.0","istanbul":"^0.4.3","jsesc":"^2.2.0","mocha":"^2.1.0","standard":"^7.1.2","xregexp":"^3.1.1"},"dependencies":{"lower-case":"^1.1.1"},"gitHead":"651f544bf864011205b48736ebc3029ace0af563","_id":"no-case@2.3.0","_shasum":"ca2825ccb76b18e6f79d573dcfbf1eace33dd164","_from":".","_npmVersion":"3.9.3","_nodeVersion":"6.2.1","_npmUser":{"name":"blakeembrey","email":"hello@blakeembrey.com"},"dist":{"shasum":"ca2825ccb76b18e6f79d573dcfbf1eace33dd164","tarball":"https://registry.npmjs.org/no-case/-/no-case-2.3.0.tgz"},"maintainers":[{"name":"blakeembrey","email":"hello@blakeembrey.com"}],"_npmOperationalInternal":{"host":"packages-16-east.internal.npmjs.com","tmp":"tmp/no-case-2.3.0.tgz_1466439491980_0.6107419265899807"},"directories":{}},"2.3.1":{"name":"no-case","version":"2.3.1","description":"Remove case from a string","main":"no-case.js","typings":"no-case.d.ts","files":["no-case.js","no-case.d.ts","vendor","LICENSE"],"scripts":{"lint":"standard","test-cov":"istanbul cover node_modules/mocha/bin/_mocha -- -R spec --bail","test":"npm run lint && npm run test-cov","build":"node build.js"},"standard":{"ignore":["coverage/**"]},"repository":{"type":"git","url":"git://github.com/blakeembrey/no-case.git"},"keywords":["no","case","space","lower","trim"],"author":{"name":"Blake Embrey","email":"hello@blakeembrey.com","url":"http://blakeembrey.me"},"license":"MIT","bugs":{"url":"https://github.com/blakeembrey/no-case/issues"},"homepage":"https://github.com/blakeembrey/no-case","devDependencies":{"chai":"^3.5.0","istanbul":"^0.4.3","jsesc":"^2.2.0","mocha":"^3.0.0","standard":"^8.0.0","xregexp":"^3.1.1"},"dependencies":{"lower-case":"^1.1.1"},"gitHead":"1528517f94e73b66f967a34beca87fa93256288d","_id":"no-case@2.3.1","_shasum":"7aeba1c73a52184265554b7dc03baf720df80081","_from":".","_npmVersion":"3.10.10","_nodeVersion":"7.3.0","_npmUser":{"name":"blakeembrey","email":"hello@blakeembrey.com"},"dist":{"shasum":"7aeba1c73a52184265554b7dc03baf720df80081","tarball":"https://registry.npmjs.org/no-case/-/no-case-2.3.1.tgz"},"maintainers":[{"name":"blakeembrey","email":"hello@blakeembrey.com"}],"_npmOperationalInternal":{"host":"packages-18-east.internal.npmjs.com","tmp":"tmp/no-case-2.3.1.tgz_1483587940183_0.3311635369900614"},"directories":{}},"2.3.2":{"name":"no-case","version":"2.3.2","description":"Remove case from a string","main":"no-case.js","typings":"no-case.d.ts","files":["no-case.js","no-case.d.ts","vendor","LICENSE"],"scripts":{"lint":"standard","test-cov":"istanbul cover node_modules/mocha/bin/_mocha -- -R spec --bail","test":"npm run lint && npm run test-cov","build":"node build.js"},"standard":{"ignore":["coverage/**"]},"repository":{"type":"git","url":"git://github.com/blakeembrey/no-case.git"},"keywords":["no","case","space","lower","trim"],"author":{"name":"Blake Embrey","email":"hello@blakeembrey.com","url":"http://blakeembrey.me"},"license":"MIT","bugs":{"url":"https://github.com/blakeembrey/no-case/issues"},"homepage":"https://github.com/blakeembrey/no-case","devDependencies":{"chai":"^4.0.2","istanbul":"^0.4.3","jsesc":"^2.2.0","mocha":"^3.0.0","standard":"^10.0.2","xregexp":"^3.1.1"},"dependencies":{"lower-case":"^1.1.1"},"gitHead":"43ac059574d5e2dd5fd19c8ca5c62bf946cae3d5","_id":"no-case@2.3.2","_npmVersion":"5.3.0","_nodeVersion":"8.4.0","_npmUser":{"name":"blakeembrey","email":"hello@blakeembrey.com"},"dist":{"integrity":"sha512-rmTZ9kz+f3rCvK2TD1Ue/oZlns7OGoIWP4fc3llxxRXlOkHKoWPPWJOfFYpITabSow43QJbRIoHQXtt10VldyQ==","shasum":"60b813396be39b3f1288a4c1ed5d1e7d28b464ac","tarball":"https://registry.npmjs.org/no-case/-/no-case-2.3.2.tgz"},"maintainers":[{"name":"blakeembrey","email":"hello@blakeembrey.com"}],"_npmOperationalInternal":{"host":"s3://npm-registry-packages","tmp":"tmp/no-case-2.3.2.tgz_1504891842550_0.9400158205535263"},"directories":{}}},"readme":"# No Case\n\n[![NPM version][npm-image]][npm-url]\n[![NPM downloads][downloads-image]][downloads-url]\n[![Build status][travis-image]][travis-url]\n[![Test coverage][coveralls-image]][coveralls-url]\n[![Greenkeeper badge](https://badges.greenkeeper.io/blakeembrey/no-case.svg)](https://greenkeeper.io/)\n\nTransform a string to lower space cased. Optional locale and replacement character supported.\n\nSupports Unicode (non-ASCII characters) and non-string entities, such as objects with a `toString` property, numbers and booleans. Empty values (`null` and `undefined`) will result in an empty string.\n\n## Installation\n\n```\nnpm install no-case --save\n```\n\n## Usage\n\n```javascript\nvar noCase = require('no-case')\n\nnoCase(null)              //=> \"\"\nnoCase('string')          //=> \"string\"\nnoCase('dot.case')        //=> \"dot case\"\nnoCase('camelCase')       //=> \"camel case\"\nnoCase('Beyoncé Knowles') //=> \"beyoncé knowles\"\n\nnoCase('A STRING', 'tr') //=> \"a strıng\"\n\nnoCase('HELLO WORLD!', null, '_') //=> \"hello_world\"\n```\n\n## Typings\n\nIncludes a [TypeScript definition](no-case.d.ts).\n\n## License\n\nMIT\n\n[npm-image]: https://img.shields.io/npm/v/no-case.svg?style=flat\n[npm-url]: https://npmjs.org/package/no-case\n[downloads-image]: https://img.shields.io/npm/dm/no-case.svg?style=flat\n[downloads-url]: https://npmjs.org/package/no-case\n[travis-image]: https://img.shields.io/travis/blakeembrey/no-case.svg?style=flat\n[travis-url]: https://travis-ci.org/blakeembrey/no-case\n[coveralls-image]: https://img.shields.io/coveralls/blakeembrey/no-case.svg?style=flat\n[coveralls-url]: https://coveralls.io/r/blakeembrey/no-case?branch=master\n","maintainers":[{"name":"blakeembrey","email":"hello@blakeembrey.com"}],"time":{"modified":"2017-09-08T17:30:43.415Z","created":"2016-06-11T21:31:33.448Z","2.0.0":"2016-06-11T21:31:33.448Z","2.1.0":"2016-06-11T23:01:32.103Z","2.2.0":"2016-06-12T00:05:10.786Z","2.3.0":"2016-06-20T16:18:14.575Z","2.3.1":"2017-01-05T03:45:42.165Z","2.3.2":"2017-09-08T17:30:43.415Z"},"homepage":"https://github.com/blakeembrey/no-case","keywords":["no","case","space","lower","trim"],"repository":{"type":"git","url":"git://github.com/blakeembrey/no-case.git"},"author":{"name":"Blake Embrey","email":"hello@blakeembrey.com","url":"http://blakeembrey.me"},"bugs":{"url":"https://github.com/blakeembrey/no-case/issues"},"license":"MIT","readmeFilename":"README.md","_attachments":{},"_etag":"W/\"f626ddd66b753f7929bf23188ceaf6b6\"","_lastModified":"Sun, 27 May 2018 09:51:59 GMT"}