{".platform-darwin atom-text-editor":{"cmd-r":"atom-ctags:toggle-file-symbols","cmd-alt-down":"atom-ctags:go-to-declaration","cmd-alt-up":"atom-ctags:return-from-declaration"},".platform-win32 atom-text-editor":{"ctrl-r":"atom-ctags:toggle-file-symbols","f12":"atom-ctags:go-to-declaration","shift-f12":"atom-ctags:return-from-declaration"},".platform-linux atom-text-editor":{"ctrl-r":"atom-ctags:toggle-file-symbols","ctrl-alt-down":"atom-ctags:go-to-declaration","ctrl-alt-up":"atom-ctags:return-from-declaration"},".platform-darwin":{"cmd-R":"atom-ctags:toggle-project-symbols"},".platform-win32, .platform-linux":{"ctrl-R":"atom-ctags:toggle-project-symbols"}}