{"digest":"1ec25d4470eb2304d47883c2fa0aafb5b57390ac","css":".github-Tabs .badge .icon:before,\n.github-PrPaneItem .badge .icon:before,\n.tooltip .badge .icon:before {\n  vertical-align: text-top;\n}\n.github-DotComMarkdownHtml .task-list-item {\n  list-style: none;\n}\n.github-DotComMarkdownHtml .task-list-item .task-list-item-checkbox {\n  position: absolute;\n  margin-left: -20px;\n}\n.issueish-badge,\n.issueish-badge.badge {\n  align-self: flex-start;\n  flex-shrink: 0;\n  margin-right: 10px;\n  font-weight: bold;\n  text-transform: capitalize;\n  border-radius: 2px;\n}\n.issueish-badge.open,\n.issueish-badge.badge.open {\n  color: white;\n  background-color: #28a745;\n}\n.issueish-badge.closed,\n.issueish-badge.badge.closed {\n  color: white;\n  background-color: #dc3545;\n}\n.issueish-badge.merged,\n.issueish-badge.badge.merged {\n  color: white;\n  background-color: #6f42c1;\n}\n.status-warning {\n  color: #ffd93d;\n}\n.status-success {\n  color: #28a745;\n}\n.status-error {\n  color: #dc3545;\n}\n","imports":[{"path":"static\\variables\\ui-variables.less","digest":"b28ed6c38c4cfce23f83a1b012a3968aa63fce4c"},{"path":"static\\variables\\syntax-variables.less","digest":"812c1b7883a023f768773d14294653adcdb932d7"},{"path":"node_modules\\github\\styles\\variables.less","digest":"9ee4e4579d5fd51444f9269f6fa5074eda5bd98d"},{"path":"static\\variables\\ui-variables.less","digest":"b28ed6c38c4cfce23f83a1b012a3968aa63fce4c"},{"path":"static\\variables\\syntax-variables.less","digest":"812c1b7883a023f768773d14294653adcdb932d7"},{"path":"node_modules\\atom-dark-ui\\styles\\ui-variables.less","digest":"bbc53164b15cea5f3aeeddd1ea77a4e7bd5f8503"},{"path":"node_modules\\atom-light-syntax\\styles\\syntax-variables.less","digest":"622c25b2fa9b894bc851f17b9229b5392852aebe"}],"version":1}