{"digest":"b186401a41aa0364bfed9c88162b18a96f3bbb87","css":"atom-text-editor .github-ConflictBlock {\n  display: flex;\n  align-items: center;\n  margin-right: 10px;\n  padding: 5px;\n  cursor: default;\n  color: rgba(85, 85, 85, 0.75);\n}\natom-text-editor .github-ConflictBlock .github-ResolutionControls {\n  flex: 1;\n}\natom-text-editor .github-ConflictBlock .github-ResolutionControls button {\n  margin-right: 10px;\n}\natom-text-editor .github-ConflictBlock .github-ResolutionControls span {\n  cursor: pointer;\n}\natom-text-editor .github-SideDescription {\n  font-family: system-ui;\n  font-size: .9em;\n}\natom-text-editor .github-ResolutionControls .icon {\n  line-height: 0;\n}\natom-text-editor .github-ConflictTopBlock {\n  margin-top: 10px;\n  border-top-left-radius: 3px;\n  border-top-right-radius: 3px;\n}\natom-text-editor .github-ConflictBottomBlock {\n  margin-bottom: 10px;\n  border-bottom-left-radius: 3px;\n  border-bottom-right-radius: 3px;\n}\natom-text-editor .github-ConflictOurs {\n  margin-right: 10px;\n  background-color: rgba(236, 150, 254, 0.15);\n}\natom-text-editor .github-ConflictOurs.cursor-line {\n  background-color: rgba(236, 150, 254, 0.25) !important;\n}\natom-text-editor .github-ConflictOursBanner {\n  margin-right: 10px;\n  background-color: rgba(236, 150, 254, 0.15);\n}\natom-text-editor .github-ConflictOursBanner.cursor-line {\n  background-color: rgba(236, 150, 254, 0.25) !important;\n}\natom-text-editor .github-ConflictOursBanner.github-ConflictUnmodifiedBanner span {\n  color: rgba(236, 150, 254, 0.66) !important;\n}\natom-text-editor .github-ConflictOursBlock {\n  color: rgba(0, 0, 0, 0.66);\n  background-color: rgba(236, 150, 254, 0.35);\n}\natom-text-editor .github-ConflictOursBlock .btn {\n  color: white;\n  border-color: rgba(0, 0, 0, 0.15);\n  border: none;\n  background: #ec96fe;\n}\natom-text-editor .github-ConflictTheirs {\n  margin-right: 10px;\n  background-color: rgba(150, 203, 254, 0.15);\n}\natom-text-editor .github-ConflictTheirs.cursor-line {\n  background-color: rgba(150, 203, 254, 0.25) !important;\n}\natom-text-editor .github-ConflictTheirsBanner {\n  margin-right: 10px;\n  background-color: rgba(150, 203, 254, 0.15);\n}\natom-text-editor .github-ConflictTheirsBanner.cursor-line {\n  background-color: rgba(150, 203, 254, 0.25) !important;\n}\natom-text-editor .github-ConflictTheirsBanner.github-ConflictUnmodifiedBanner span {\n  color: rgba(150, 203, 254, 0.66) !important;\n}\natom-text-editor .github-ConflictTheirsBlock {\n  color: rgba(0, 0, 0, 0.66);\n  background-color: rgba(150, 203, 254, 0.35);\n}\natom-text-editor .github-ConflictTheirsBlock .btn {\n  color: white;\n  border-color: rgba(0, 0, 0, 0.15);\n  border: none;\n  background: #96cbfe;\n}\natom-text-editor .github-ConflictBase {\n  margin-right: 10px;\n  background-color: rgba(202, 202, 202, 0.15);\n}\natom-text-editor .github-ConflictBase.cursor-line {\n  background-color: rgba(202, 202, 202, 0.25) !important;\n}\natom-text-editor .github-ConflictBaseBanner {\n  margin-right: 10px;\n  background-color: rgba(202, 202, 202, 0.15);\n}\natom-text-editor .github-ConflictBaseBanner.cursor-line {\n  background-color: rgba(202, 202, 202, 0.25) !important;\n}\natom-text-editor .github-ConflictBaseBanner.github-ConflictUnmodifiedBanner span {\n  color: rgba(202, 202, 202, 0.66) !important;\n}\natom-text-editor .github-ConflictBaseBlock {\n  color: rgba(0, 0, 0, 0.66);\n  background-color: rgba(202, 202, 202, 0.35);\n}\natom-text-editor .github-ConflictBaseBlock .btn {\n  color: white;\n  border-color: rgba(0, 0, 0, 0.15);\n  border: none;\n  background: #cacaca;\n}\natom-text-editor .github-ConflictModified {\n  margin-right: 10px;\n  background-color: rgba(255, 152, 45, 0.15);\n}\natom-text-editor .github-ConflictModified.cursor-line {\n  background-color: rgba(255, 152, 45, 0.25) !important;\n}\natom-text-editor .github-ConflictModifiedBanner {\n  margin-right: 10px;\n  background-color: rgba(255, 152, 45, 0.15);\n}\natom-text-editor .github-ConflictModifiedBanner.cursor-line {\n  background-color: rgba(255, 152, 45, 0.25) !important;\n}\natom-text-editor .github-ConflictModifiedBanner.github-ConflictUnmodifiedBanner span {\n  color: rgba(255, 152, 45, 0.66) !important;\n}\natom-text-editor .github-ConflictModifiedBlock {\n  color: rgba(0, 0, 0, 0.66);\n  background-color: rgba(255, 152, 45, 0.35);\n}\natom-text-editor .github-ConflictModifiedBlock .btn {\n  color: white;\n  border-color: rgba(0, 0, 0, 0.15);\n  border: none;\n  background: #ff982d;\n}\natom-text-editor .github-ConflictSeparator {\n  margin-right: 10px;\n  background-color: rgba(202, 202, 202, 0.15);\n}\natom-text-editor .github-ConflictSeparator.cursor-line {\n  background-color: rgba(202, 202, 202, 0.25) !important;\n}\natom-text-editor .github-ConflictSeparator span {\n  color: rgba(202, 202, 202, 0.66) !important;\n}\natom-text-editor .github-ResolvedLines {\n  background-color: rgba(113, 140, 0, 0.15);\n}\natom-text-editor .github-ResolvedLines.cursor-line {\n  background-color: rgba(113, 140, 0, 0.25) !important;\n}\n","imports":[{"path":"static\\variables\\ui-variables.less","digest":"b28ed6c38c4cfce23f83a1b012a3968aa63fce4c"},{"path":"static\\variables\\syntax-variables.less","digest":"812c1b7883a023f768773d14294653adcdb932d7"},{"path":"node_modules\\github\\styles\\variables.less","digest":"9ee4e4579d5fd51444f9269f6fa5074eda5bd98d"},{"path":"static\\variables\\ui-variables.less","digest":"b28ed6c38c4cfce23f83a1b012a3968aa63fce4c"},{"path":"static\\variables\\syntax-variables.less","digest":"812c1b7883a023f768773d14294653adcdb932d7"},{"path":"node_modules\\atom-dark-ui\\styles\\ui-variables.less","digest":"bbc53164b15cea5f3aeeddd1ea77a4e7bd5f8503"},{"path":"node_modules\\atom-light-syntax\\styles\\syntax-variables.less","digest":"622c25b2fa9b894bc851f17b9229b5392852aebe"}],"version":1}