{"digest":"b0e363c21a23b9bd214b089edcd80be9d1a563b0","css":".github-DialogPrompt {\n  margin: 10px;\n  text-align: center;\n  font-size: 1.2em;\n}\n.github-DialogInputs {\n  display: flex;\n  flex-direction: column;\n  padding: 5px;\n}\n.github-DialogLabel {\n  flex: 1;\n  margin: 5px;\n  line-height: 2;\n}\n.github-DialogButtons {\n  display: flex;\n  align-items: center;\n  justify-content: flex-end;\n  padding: 5px;\n}\n.platform-win32 .github-DialogButtons {\n  flex-direction: row-reverse;\n  justify-content: flex-start;\n}\n.github-DialogButtons .btn {\n  margin: 5px;\n}\n.github-DialogButtons-leftItem,\n.github-DialogButtons-leftItem.btn {\n  margin: 5px;\n  margin-right: auto;\n}\n.github-DialogSpinner {\n  display: flex;\n  align-items: center;\n  justify-content: center;\n  padding: 10px;\n}\n.github-DialogSpinner .loading {\n  margin: 10px;\n}\n.github-Dialog atom-text-editor[mini].editor {\n  margin: 0;\n}\n","imports":[{"path":"static\\variables\\ui-variables.less","digest":"b28ed6c38c4cfce23f83a1b012a3968aa63fce4c"},{"path":"static\\variables\\syntax-variables.less","digest":"812c1b7883a023f768773d14294653adcdb932d7"},{"path":"node_modules\\github\\styles\\variables.less","digest":"9ee4e4579d5fd51444f9269f6fa5074eda5bd98d"},{"path":"static\\variables\\ui-variables.less","digest":"b28ed6c38c4cfce23f83a1b012a3968aa63fce4c"},{"path":"static\\variables\\syntax-variables.less","digest":"812c1b7883a023f768773d14294653adcdb932d7"},{"path":"node_modules\\atom-dark-ui\\styles\\ui-variables.less","digest":"bbc53164b15cea5f3aeeddd1ea77a4e7bd5f8503"},{"path":"node_modules\\atom-light-syntax\\styles\\syntax-variables.less","digest":"622c25b2fa9b894bc851f17b9229b5392852aebe"}],"version":1}