{"digest":"a86dc9565052d0e9c830974a7f164ae66a7b0e06","css":".github-FilePatchListView:empty:before {\n  content: 'No changes';\n  display: block;\n  padding: 10px;\n  text-align: center;\n  color: #555;\n  font-style: italic;\n}\n.github-FilePatchListView-item {\n  position: relative;\n  display: flex;\n  align-items: flex-start;\n  padding: 5px 10px;\n  padding-left: 35px;\n  overflow: hidden;\n  -webkit-user-select: none;\n  cursor: default;\n}\n.github-FilePatchListView-icon {\n  text-align: right;\n}\n.github-FilePatchListView-icon:before {\n  margin-right: 8.33333333px;\n}\n.github-FilePatchListView-path {\n  flex: 1;\n  word-break: break-word;\n}\n.github-FilePatchListView-resolutionItem {\n  padding-top: 0;\n  padding-bottom: 5px;\n}\n.github-MergeConflictPaths .github-FilePatchListView-icon:last-child {\n  margin-left: 5px;\n}\n","imports":[{"path":"static\\variables\\ui-variables.less","digest":"b28ed6c38c4cfce23f83a1b012a3968aa63fce4c"},{"path":"static\\variables\\syntax-variables.less","digest":"812c1b7883a023f768773d14294653adcdb932d7"},{"path":"node_modules\\github\\styles\\variables.less","digest":"9ee4e4579d5fd51444f9269f6fa5074eda5bd98d"},{"path":"static\\variables\\ui-variables.less","digest":"b28ed6c38c4cfce23f83a1b012a3968aa63fce4c"},{"path":"static\\variables\\syntax-variables.less","digest":"812c1b7883a023f768773d14294653adcdb932d7"},{"path":"node_modules\\atom-dark-ui\\styles\\ui-variables.less","digest":"bbc53164b15cea5f3aeeddd1ea77a4e7bd5f8503"},{"path":"node_modules\\atom-light-syntax\\styles\\syntax-variables.less","digest":"622c25b2fa9b894bc851f17b9229b5392852aebe"}],"version":1}