{"digest":"62329fa3d085e0e627f3d838a200701f5a4c5d6e","css":".github-StubItem-git-tab-controller {\n  flex: 1;\n  display: flex;\n}\n.github-Panel {\n  flex: 1;\n  display: flex;\n  flex-direction: column;\n  min-width: 0;\n  font-family: system-ui;\n  font-size: 11px;\n  color: #aaa;\n  -webkit-user-select: none;\n  cursor: default;\n}\n.github-Panel.no-repository {\n  padding: 30px;\n  text-align: center;\n}\n.github-Panel.is-loading {\n  color: #555;\n}\n.github-Panel.no-repository {\n  display: flex;\n  justify-content: center;\n  font-size: 1.25em;\n}\n.github-Panel.no-repository > * {\n  margin: 10px 0;\n}\n.github-Panel.no-repository .git-logo-path {\n  fill: #555759;\n}\n.github-Panel.no-repository .btn.btn-primary {\n  overflow: hidden;\n  text-overflow: ellipsis;\n}\natom-dock.bottom .github-Panel {\n  flex-direction: row;\n}\natom-dock.bottom .github-StagingView {\n  display: contents;\n}\natom-dock.bottom .github-Panel > div {\n  flex: 1;\n}\natom-dock.bottom .github-StagedChanges {\n  border-left: 1px solid rgba(0, 0, 0, 0.5);\n  border-right: 1px solid rgba(0, 0, 0, 0.5);\n}\natom-dock.bottom .github-StagingView-header {\n  flex-wrap: wrap;\n}\natom-dock.bottom .github-StagingView-group:first-child .github-StagingView-header {\n  border-top: 1px solid rgba(0, 0, 0, 0.5);\n}\natom-dock.bottom .github-RecentCommits {\n  max-height: none;\n  border-left: 1px solid rgba(0, 0, 0, 0.5);\n}\n","imports":[{"path":"static\\variables\\ui-variables.less","digest":"b28ed6c38c4cfce23f83a1b012a3968aa63fce4c"},{"path":"static\\variables\\syntax-variables.less","digest":"812c1b7883a023f768773d14294653adcdb932d7"},{"path":"node_modules\\github\\styles\\variables.less","digest":"9ee4e4579d5fd51444f9269f6fa5074eda5bd98d"},{"path":"static\\variables\\ui-variables.less","digest":"b28ed6c38c4cfce23f83a1b012a3968aa63fce4c"},{"path":"static\\variables\\syntax-variables.less","digest":"812c1b7883a023f768773d14294653adcdb932d7"},{"path":"node_modules\\atom-dark-ui\\styles\\ui-variables.less","digest":"bbc53164b15cea5f3aeeddd1ea77a4e7bd5f8503"},{"path":"node_modules\\atom-light-syntax\\styles\\syntax-variables.less","digest":"622c25b2fa9b894bc851f17b9229b5392852aebe"}],"version":1}