{"digest":"d767a2539746faac8959261c770bd262e58c4587","css":".github-PaneView {\n  display: flex;\n  height: 100%;\n}\n","imports":[{"path":"static\\variables\\ui-variables.less","digest":"b28ed6c38c4cfce23f83a1b012a3968aa63fce4c"},{"path":"static\\variables\\syntax-variables.less","digest":"812c1b7883a023f768773d14294653adcdb932d7"},{"path":"node_modules\\github\\styles\\variables.less","digest":"9ee4e4579d5fd51444f9269f6fa5074eda5bd98d"},{"path":"static\\variables\\ui-variables.less","digest":"b28ed6c38c4cfce23f83a1b012a3968aa63fce4c"},{"path":"static\\variables\\syntax-variables.less","digest":"812c1b7883a023f768773d14294653adcdb932d7"},{"path":"node_modules\\atom-dark-ui\\styles\\ui-variables.less","digest":"bbc53164b15cea5f3aeeddd1ea77a4e7bd5f8503"},{"path":"node_modules\\atom-light-syntax\\styles\\syntax-variables.less","digest":"622c25b2fa9b894bc851f17b9229b5392852aebe"},{"path":"node_modules\\atom-dark-ui\\styles\\ui-variables.less","digest":"bbc53164b15cea5f3aeeddd1ea77a4e7bd5f8503"}],"version":1}