{"digest":"971ec9a620680e0d82cff70685d38daf6097cddb","css":".github-PrPaneItem {\n  padding: 30px;\n  overflow: auto;\n  position: absolute;\n  top: 0;\n  right: 0;\n  bottom: 0;\n  left: 0;\n  font-size: 1.25em;\n  line-height: 1.5;\n  background-color: #292c2f;\n}\n.github-PrPaneItem * {\n  user-select: text;\n  -webkit-user-select: text;\n}\n.github-PrPaneItem-container {\n  max-width: 48em;\n  margin: 0 auto;\n}\n.github-PrPaneItem .issueish-badge-and-link {\n  display: flex;\n  align-items: center;\n  margin-bottom: 20px;\n}\n.github-PrPaneItem .issueish-badge-and-link :last-child {\n  flex: 1;\n  text-align: right;\n}\n.github-PrPaneItem .issueish-link a {\n  color: #555;\n}\n.github-PrPaneItem .pr-build-status-icon {\n  margin-left: 10px;\n}\n.github-PrPaneItem .refresh-button .icon {\n  color: #555;\n  cursor: pointer;\n}\n.github-PrPaneItem .refresh-button .icon.refreshing::before {\n  animation: github-RefreshButton-animation 2s linear 30;\n}\n@keyframes github-RefreshButton-animation {\n  100% {\n    transform: rotate(360deg);\n  }\n}\n.github-PrPaneItem .issueish-avatar-and-title {\n  display: flex;\n  align-items: center;\n  margin-bottom: 20px;\n  padding-bottom: 10px;\n  border-bottom: 1px solid rgba(0, 0, 0, 0.5);\n}\n.github-PrPaneItem .author-avatar-link {\n  margin-right: 10px;\n  align-self: flex-start;\n}\n.github-PrPaneItem .author-avatar {\n  max-height: 32px;\n  border-radius: 2px;\n}\n.github-PrPaneItem .issueish-title {\n  margin: 0;\n  font-size: 1.5em;\n  font-weight: 500;\n  line-height: 1.3;\n  color: #fff;\n}\n.github-PrPaneItem .issueish-body {\n  padding-top: 10px;\n  border-top: 1px solid rgba(0, 0, 0, 0.5);\n}\n.github-PrPaneItem .issueish-body > *:first-child {\n  margin-top: 0;\n}\n.github-PrPaneItem .github-DotComMarkdownHtml a {\n  color: #5293d8;\n}\n.github-PrPaneItem .github-DotComMarkdownHtml p {\n  line-height: 1.5;\n}\n.github-PrPaneItem .github-DotComMarkdownHtml hr {\n  margin-top: 5px;\n  margin-bottom: 5px;\n  border-top: 1px solid #aaa;\n  width: 100%;\n}\n.github-PrPaneItem .github-DotComMarkdownHtml ul {\n  margin-left: -10px;\n}\n.github-PrPaneItem .github-DotComMarkdownHtml ol {\n  margin-left: -20px;\n}\n.github-PrPaneItem .github-DotComMarkdownHtml li {\n  font-size: .9em;\n  padding-top: .1em;\n  padding-bottom: .1em;\n}\n.github-PrPaneItem .github-DotComMarkdownHtml li li {\n  font-size: 1em;\n}\n.github-PrPaneItem .github-DotComMarkdownHtml pre > code {\n  white-space: pre;\n}\n.github-PrPaneItem .reactions {\n  width: fit-content;\n  padding-top: 10px;\n}\n.github-PrPaneItem .reactions .reaction-group {\n  margin-right: 10px;\n  padding: 10px;\n  border: 1px solid rgba(0, 0, 0, 0.5);\n  border-radius: 2px;\n}\n.github-PrPaneItem .reactions:empty {\n  all: unset;\n}\n.github-PrPaneItem .github-PrStatuses {\n  margin-top: 40px;\n  padding: 10px;\n  border: 1px solid rgba(0, 0, 0, 0.5);\n  border-radius: 2px;\n}\n.github-PrPaneItem blockquote {\n  font-size: inherit;\n  padding-top: 0;\n  padding-left: 10px;\n  padding-bottom: 0;\n  color: #555;\n  border-left: 2px solid #555;\n}\n","imports":[{"path":"static\\variables\\ui-variables.less","digest":"b28ed6c38c4cfce23f83a1b012a3968aa63fce4c"},{"path":"static\\variables\\syntax-variables.less","digest":"812c1b7883a023f768773d14294653adcdb932d7"},{"path":"node_modules\\github\\styles\\variables.less","digest":"9ee4e4579d5fd51444f9269f6fa5074eda5bd98d"},{"path":"static\\variables\\ui-variables.less","digest":"b28ed6c38c4cfce23f83a1b012a3968aa63fce4c"},{"path":"static\\variables\\syntax-variables.less","digest":"812c1b7883a023f768773d14294653adcdb932d7"},{"path":"node_modules\\atom-dark-ui\\styles\\ui-variables.less","digest":"bbc53164b15cea5f3aeeddd1ea77a4e7bd5f8503"},{"path":"node_modules\\atom-light-syntax\\styles\\syntax-variables.less","digest":"622c25b2fa9b894bc851f17b9229b5392852aebe"}],"version":1}