{"digest":"3356a1beac32671788f42690a808c687abeb4a3f","css":".github-PrUrlInputBox-Container {\n  display: flex;\n  flex: 1;\n  flex-direction: row;\n}\n.github-PrUrlInputBox-Container .github-PrUrlInputBox-Subview {\n  padding: 20px;\n}\n.github-PrUrlInputBox-Container p {\n  text-align: center;\n}\n.github-PrUrlInputBox-pinButton {\n  padding: 10px;\n  border-bottom: 1px solid rgba(0, 0, 0, 0.5);\n  cursor: default;\n}\n.github-PrUrlInputBox-pinButton + .github-PrUrlInputBox-Subview {\n  padding: 10px;\n  border-bottom: 1px solid rgba(0, 0, 0, 0.5);\n}\n.github-PrUrlInputBox-Subview {\n  flex: 1;\n  display: flex;\n  flex-direction: column;\n  align-self: center;\n  align-items: center;\n}\n.github-PrUrlInputBox-Subview > button,\n.github-PrUrlInputBox-Subview > input {\n  margin: 10px;\n}\n.github-PrUrlInputBox-Subview .icon-git-pull-request:before {\n  width: auto;\n  font-size: 48px;\n  color: #555;\n}\n.github-PrUrlInputBox-Subview p {\n  font-size: 1.1em;\n  line-height: 1.5;\n  -webkit-user-select: none;\n  cursor: default;\n}\n.github-PrUrlInputBox-Subview p:last-of-type {\n  margin-bottom: 0;\n}\n.github-PrUrlInputBox-Subview p a {\n  color: #5293d8;\n}\n.github-PrUrlInputBox-Subview input[type=text] {\n  width: 100%;\n}\n","imports":[{"path":"static\\variables\\ui-variables.less","digest":"b28ed6c38c4cfce23f83a1b012a3968aa63fce4c"},{"path":"static\\variables\\syntax-variables.less","digest":"812c1b7883a023f768773d14294653adcdb932d7"},{"path":"node_modules\\github\\styles\\variables.less","digest":"9ee4e4579d5fd51444f9269f6fa5074eda5bd98d"},{"path":"static\\variables\\ui-variables.less","digest":"b28ed6c38c4cfce23f83a1b012a3968aa63fce4c"},{"path":"static\\variables\\syntax-variables.less","digest":"812c1b7883a023f768773d14294653adcdb932d7"},{"path":"node_modules\\atom-dark-ui\\styles\\ui-variables.less","digest":"bbc53164b15cea5f3aeeddd1ea77a4e7bd5f8503"},{"path":"node_modules\\atom-light-syntax\\styles\\syntax-variables.less","digest":"622c25b2fa9b894bc851f17b9229b5392852aebe"}],"version":1}