{"digest":"99acecab444f511281e3e2d55385a58617bd2ee2","css":".github-Tabs-Panel.active {\n  display: flex;\n}\n.github-Tabs-Panel.inactive {\n  display: none;\n}\n.github-Tabs.sidebar-tabs {\n  height: 100%;\n  display: flex;\n  flex-direction: column;\n}\n.github-Tabs.sidebar-tabs .github-Tabs-NavigationContainer {\n  display: flex;\n  flex-direction: row;\n  padding: 10px;\n  border-bottom: 1px solid rgba(0, 0, 0, 0.6);\n}\n.github-Tabs.sidebar-tabs .github-Tabs-NavigationContainer .github-Tabs-NavigationItem {\n  flex: 1;\n  text-align: center;\n  cursor: pointer;\n  background-color: #43484d;\n  color: rgba(255, 255, 255, 0.6);\n  border: 1px solid rgba(0, 0, 0, 0.5);\n  padding: .25em .5em;\n  overflow: hidden;\n  text-overflow: ellipsis;\n  white-space: nowrap;\n}\n.github-Tabs.sidebar-tabs .github-Tabs-NavigationContainer .github-Tabs-NavigationItem + .github-Tabs-NavigationItem {\n  border-left: none;\n}\n.github-Tabs.sidebar-tabs .github-Tabs-NavigationContainer .github-Tabs-NavigationItem.active {\n  background-color: #5c6064;\n  color: #ffffff;\n}\n.github-Tabs.sidebar-tabs .github-Tabs-NavigationContainer .github-Tabs-NavigationItem:first-child {\n  border-top-left-radius: 2px;\n  border-bottom-left-radius: 2px;\n}\n.github-Tabs.sidebar-tabs .github-Tabs-NavigationContainer .github-Tabs-NavigationItem:last-child {\n  border-top-right-radius: 2px;\n  border-bottom-right-radius: 2px;\n}\n.github-Tabs.sidebar-tabs[data-tabs-count=\"1\"] .github-Tabs-NavigationContainer {\n  display: none;\n}\n.github-Tabs.sidebar-tabs .github-Tabs-PanelContainer {\n  flex: 1;\n  display: flex;\n  flex-direction: column;\n}\n.github-Tabs.sidebar-tabs .github-Tabs-Panel {\n  flex: 1;\n}\n","imports":[{"path":"static\\variables\\ui-variables.less","digest":"b28ed6c38c4cfce23f83a1b012a3968aa63fce4c"},{"path":"static\\variables\\syntax-variables.less","digest":"812c1b7883a023f768773d14294653adcdb932d7"},{"path":"node_modules\\github\\styles\\variables.less","digest":"9ee4e4579d5fd51444f9269f6fa5074eda5bd98d"},{"path":"static\\variables\\ui-variables.less","digest":"b28ed6c38c4cfce23f83a1b012a3968aa63fce4c"},{"path":"static\\variables\\syntax-variables.less","digest":"812c1b7883a023f768773d14294653adcdb932d7"},{"path":"node_modules\\atom-dark-ui\\styles\\ui-variables.less","digest":"bbc53164b15cea5f3aeeddd1ea77a4e7bd5f8503"},{"path":"node_modules\\atom-light-syntax\\styles\\syntax-variables.less","digest":"622c25b2fa9b894bc851f17b9229b5392852aebe"}],"version":1}